date,waste_volume,organic_waste,recyclable_waste,hazardous_waste,collection_frequency,landfill_capacity_used,recycling_rate
01-01-2020,48.85,31.49,12.55,4.81,Weekly,55.87,47.37
02-01-2020,49.45,29.76,14.76,4.94,Weekly,51.91,41.7
03-01-2020,51.03,32.29,13.65,5.09,Bi-weekly,53.08,58.73
04-01-2020,54.7,35.09,14.36,5.25,Bi-weekly,52.04,39.34
05-01-2020,51.74,29.99,16.87,4.88,Bi-weekly,48.01,40.45
06-01-2020,54.58,30.16,19.21,5.21,Bi-weekly,56.19,42.94
07-01-2020,59.18,35.77,16.83,6.58,Bi-weekly,58.84,46.26
08-01-2020,53.31,33.5,13.82,5.99,Bi-weekly,57.91,41.79
09-01-2020,53.1,29.96,17.27,5.87,Bi-weekly,59.41,48.24
10-01-2020,56.65,33.17,18.94,4.54,Bi-weekly,57.29,40.79
11-01-2020,49.92,30.32,15.49,4.11,Weekly,52.33,37.74
12-01-2020,53.05,30.49,16.6,5.96,Bi-weekly,59.5,35.99
13-01-2020,55.72,32.78,17.06,5.88,Bi-weekly,48.78,34
14-01-2020,48.57,26.48,15.62,6.47,Weekly,50.35,42.1
15-01-2020,50.25,27.21,18.64,4.4,Bi-weekly,50.2,44.09
16-01-2020,52.9,30.87,17.26,4.77,Bi-weekly,60.69,42.02
17-01-2020,51.53,29.68,18.49,3.36,Bi-weekly,59.87,51.76
18-01-2020,54.46,33.83,16.02,4.61,Bi-weekly,57.88,50.95
19-01-2020,53.39,30.33,17.06,6,Bi-weekly,60.7,43.45
20-01-2020,53.03,28.98,19.52,4.53,Bi-weekly,50.91,36.89
21-01-2020,60.88,37.77,17.47,5.64,Bi-weekly,57.83,42.41
22-01-2020,59.47,32.86,21.8,4.81,Bi-weekly,55.32,43.54
23-01-2020,56.9,33.9,17.67,5.32,Bi-weekly,59.92,42.02
24-01-2020,52.48,29.58,19.05,3.85,Bi-weekly,54.67,42.23
25-01-2020,58.05,32.38,20.58,5.09,Bi-weekly,53.88,42.91
26-01-2020,52.51,34.5,15.99,2.01,Bi-weekly,57.96,42.87
27-01-2020,51.11,30.87,15.42,4.81,Bi-weekly,59.49,41.45
28-01-2020,54.97,35.61,15.99,3.37,Bi-weekly,52.16,45.84
29-01-2020,60.71,32.83,21.67,6.21,Bi-weekly,55.77,48.3
30-01-2020,57.83,33.91,18.14,5.78,Bi-weekly,50.49,40.89
31-01-2020,63.05,33.13,24.45,5.47,Bi-weekly,43.81,53.69
01-02-2020,65.45,40.64,18.29,6.52,Bi-weekly,57.55,40.59
02-02-2020,59.11,35.19,19.86,4.05,Bi-weekly,58.96,37.87
03-02-2020,61.61,32.21,22.65,6.75,Bi-weekly,57.47,48.7
04-02-2020,67.57,37.99,23.65,5.93,Bi-weekly,47.01,43.01
05-02-2020,60.59,32,23.82,4.76,Bi-weekly,54.3,48.75
06-02-2020,64.74,36.43,22.17,6.14,Bi-weekly,45.38,34.63
07-02-2020,55.82,30.07,21.85,3.89,Bi-weekly,62.43,53.52
08-02-2020,57.31,32.1,21.04,4.18,Bi-weekly,50.3,49.67
09-02-2020,62.65,36.81,21.45,4.39,Bi-weekly,62.54,38.93
10-02-2020,61.86,38.57,18.82,4.47,Bi-weekly,60.92,38.25
11-02-2020,59.26,37,18.31,3.94,Bi-weekly,51.42,53.86
12-02-2020,62.46,36.27,19.97,6.22,Bi-weekly,50.58,42.3
13-02-2020,60.23,35.84,19.65,4.74,Bi-weekly,57.77,41.72
14-02-2020,56.88,32.43,19.09,5.35,Bi-weekly,51.47,34.4
15-02-2020,60.66,34.84,21.39,4.43,Bi-weekly,56.58,44.66
16-02-2020,60.82,35.73,21.91,3.18,Bi-weekly,53.67,45.43
17-02-2020,65.84,40.41,20.16,5.27,Bi-weekly,47.68,49.63
18-02-2020,64.4,38.39,22.93,3.09,Bi-weekly,45.29,39.88
19-02-2020,54.78,32.18,17.67,4.93,Bi-weekly,56.61,37.7
20-02-2020,61.72,38.56,19.54,3.63,Bi-weekly,53.36,48.12
21-02-2020,61.98,36.54,18.46,6.99,Bi-weekly,53.43,50.57
22-02-2020,57.8,35.77,16.12,5.91,Bi-weekly,59.26,36.98
23-02-2020,64.49,39.74,19.64,5.11,Bi-weekly,62.32,51.3
24-02-2020,66.88,41.11,19.51,6.26,Bi-weekly,55.33,46.04
25-02-2020,67.79,40.91,22.73,4.15,Bi-weekly,55.08,52.28
26-02-2020,62.14,35.7,20.9,5.54,Bi-weekly,58.71,45.92
27-02-2020,60.1,37.38,17.52,5.2,Bi-weekly,49.23,32.64
28-02-2020,67.87,39.4,23.2,5.26,Bi-weekly,57.9,46.2
29-02-2020,69.55,41.42,21.86,6.27,Bi-weekly,59.71,51.86
01-03-2020,63.38,37.15,20.49,5.73,Bi-weekly,59.74,41.68
02-03-2020,62.19,38.12,18.79,5.29,Bi-weekly,46.54,43.7
03-03-2020,56.01,35.44,17.23,3.35,Bi-weekly,51.79,44.29
04-03-2020,57.59,35.25,18.3,4.04,Bi-weekly,51.37,30.99
05-03-2020,67.35,41.36,21.12,4.88,Bi-weekly,57.23,54.69
06-03-2020,70.76,43.07,22.6,5.09,Bi-weekly,59.48,42.27
07-03-2020,64.53,38.85,21.8,3.87,Bi-weekly,63.94,49.07
08-03-2020,67.18,42.15,17.62,7.41,Bi-weekly,54.24,44.85
09-03-2020,63.05,40.29,16.23,6.52,Bi-weekly,53.82,51.16
10-03-2020,61.57,37.34,18.63,5.6,Bi-weekly,61.91,47.62
11-03-2020,60.17,40.42,14.68,5.07,Bi-weekly,57.5,43.23
12-03-2020,67.53,44.01,18.72,4.79,Bi-weekly,63.09,41.15
13-03-2020,61.04,39.35,17.64,4.05,Bi-weekly,57.55,49.28
14-03-2020,66.15,44.2,16.86,5.08,Bi-weekly,50.83,35.69
15-03-2020,51.42,31.7,14.46,5.26,Bi-weekly,48.48,47.57
16-03-2020,64.36,42.08,18.53,3.76,Bi-weekly,48.68,40.06
17-03-2020,61.53,39.92,16.28,5.33,Bi-weekly,59.46,51.15
18-03-2020,58.5,38.8,14.85,4.84,Bi-weekly,61.79,45.26
19-03-2020,54.4,40.02,11.29,3.09,Bi-weekly,64.69,46.61
20-03-2020,54.77,33.82,16.82,4.14,Bi-weekly,59.69,45.46
21-03-2020,64,39.15,20.25,4.59,Bi-weekly,62.21,37.31
22-03-2020,67.67,40.92,19.87,6.89,Bi-weekly,53.87,41.66
23-03-2020,65.33,44.31,15.46,5.56,Bi-weekly,50.75,48
24-03-2020,57.01,38.34,15.01,3.66,Bi-weekly,59.95,45.33
25-03-2020,59.96,37.5,16.98,5.49,Bi-weekly,58.08,51
26-03-2020,55.76,38.44,13.87,3.45,Bi-weekly,56.11,46.18
27-03-2020,65.09,42.71,16.3,6.08,Bi-weekly,58.45,40.06
28-03-2020,62.54,40.96,17.05,4.53,Bi-weekly,57.87,41.14
29-03-2020,61.1,38.4,17.8,4.91,Bi-weekly,62.53,45.86
30-03-2020,62.83,41.53,14.97,6.33,Bi-weekly,62.76,32.92
31-03-2020,58.59,40.29,14.59,3.71,Bi-weekly,58.58,52.75
01-04-2020,59.58,42.91,13.07,3.6,Bi-weekly,60.19,46.13
02-04-2020,55.31,37.89,13,4.42,Bi-weekly,58.1,50.03
03-04-2020,59.08,39.01,14.02,6.04,Bi-weekly,53.6,36.3
04-04-2020,57.33,38.81,15.04,3.48,Bi-weekly,59.52,50.73
05-04-2020,53.72,35.59,15.96,2.17,Bi-weekly,48.4,55.95
06-04-2020,57.76,40.85,12.35,4.55,Bi-weekly,61.05,37.1
07-04-2020,63.06,40.73,16.78,5.55,Bi-weekly,50.33,48.89
08-04-2020,59.23,39.95,13.08,6.2,Bi-weekly,57.35,43.93
09-04-2020,57.16,39.21,13.41,4.54,Bi-weekly,51.49,36.3
10-04-2020,52.02,35.64,11.8,4.59,Bi-weekly,57.97,46
11-04-2020,53.03,38.6,8.28,6.15,Bi-weekly,55.13,46.65
12-04-2020,56.67,38.8,14.73,3.13,Bi-weekly,47.69,41.41
13-04-2020,56.28,37.39,14.28,4.61,Bi-weekly,57.73,50.11
14-04-2020,56.56,39.28,12.09,5.19,Bi-weekly,52.77,35.29
15-04-2020,59.02,40.93,12.63,5.45,Bi-weekly,60.31,36.32
16-04-2020,63.21,45.34,13.38,4.49,Bi-weekly,56.33,44.7
17-04-2020,54.27,40.16,9.08,5.03,Bi-weekly,57.4,42.85
18-04-2020,53.87,40.36,11,2.51,Bi-weekly,50.6,39.72
19-04-2020,57.17,39.31,13.51,4.34,Bi-weekly,52.77,48.1
20-04-2020,48.46,33.73,9.28,5.45,Weekly,52.55,45.44
21-04-2020,55.61,39.35,12.24,4.02,Bi-weekly,59.84,47.96
22-04-2020,53.42,39.55,8.81,5.06,Bi-weekly,63.73,42.03
23-04-2020,64.48,46.7,12.34,5.45,Bi-weekly,52.42,46.71
24-04-2020,54.54,38.67,11.21,4.66,Bi-weekly,60.84,41.14
25-04-2020,53.19,40.08,7.94,5.17,Bi-weekly,44.47,52.65
26-04-2020,56.43,39,13.39,4.04,Bi-weekly,49.67,39.95
27-04-2020,49.81,35.53,9.49,4.79,Weekly,50.19,53.37
28-04-2020,57.23,42.39,9.23,5.61,Bi-weekly,48.96,42.94
29-04-2020,57.45,41.14,11.16,5.16,Bi-weekly,47.83,36.47
30-04-2020,58.55,41.17,12.97,4.41,Bi-weekly,57.92,50.73
01-05-2020,49.77,35.99,8.55,5.22,Weekly,53.91,43.2
02-05-2020,59.18,42.84,10.63,5.71,Bi-weekly,57.82,47.44
03-05-2020,48.58,34.34,11.29,2.95,Weekly,58.31,49.51
04-05-2020,58.12,40.21,11.75,6.16,Bi-weekly,57.14,45.21
05-05-2020,60.25,44.93,10.65,4.66,Bi-weekly,59.31,40.24
06-05-2020,50.23,35.29,9.51,5.43,Bi-weekly,54.68,47.73
07-05-2020,51.2,36.47,8.54,6.2,Bi-weekly,49.19,42.57
08-05-2020,52.31,38.36,10.32,3.63,Bi-weekly,60.52,46.53
09-05-2020,48.71,36.45,7.96,4.29,Weekly,51.93,31.62
10-05-2020,42.15,33.2,4.23,4.71,Weekly,49.54,43.5
11-05-2020,53.09,37.95,10.92,4.22,Bi-weekly,54.42,40.08
12-05-2020,53.02,34.45,11.84,6.73,Bi-weekly,50.74,51.82
13-05-2020,48.38,38.95,5.29,4.14,Weekly,52.75,44.7
14-05-2020,47.08,34.65,7.98,4.44,Weekly,56.43,43.59
15-05-2020,58.39,41.95,11.24,5.2,Bi-weekly,57.58,45.8
16-05-2020,52.74,34.83,14.12,3.8,Bi-weekly,50.79,39.24
17-05-2020,50.75,36.09,10.05,4.6,Bi-weekly,52.64,51.13
18-05-2020,53.26,39.37,8.57,5.32,Bi-weekly,60.7,52.53
19-05-2020,47.47,33.12,9.68,4.67,Weekly,57.23,44.87
20-05-2020,55.1,37.36,12.83,4.91,Bi-weekly,65.88,51.8
21-05-2020,53.76,40.47,8.82,4.47,Bi-weekly,61.28,39.8
22-05-2020,43.63,31.6,8.55,3.49,Weekly,60.08,38.58
23-05-2020,51.39,36.84,9.23,5.32,Bi-weekly,48.2,42.97
24-05-2020,52.03,36.93,8.34,6.75,Bi-weekly,59.02,44.68
25-05-2020,53.93,38.36,10.55,5.02,Bi-weekly,55.13,41.19
26-05-2020,51.01,32.17,13.61,5.23,Bi-weekly,52.35,46.77
27-05-2020,48.55,31.78,11.08,5.69,Weekly,55.69,44.86
28-05-2020,50.89,37.16,10,3.73,Bi-weekly,59.82,38.01
29-05-2020,53.05,36.34,10,6.7,Bi-weekly,57.81,45.59
30-05-2020,48.8,36.06,7.54,5.2,Weekly,50.49,46.58
31-05-2020,55.36,36.2,12.53,6.63,Bi-weekly,59.25,44.62
01-06-2020,47.94,32.97,10.7,4.27,Weekly,51.61,48.97
02-06-2020,52.97,35.56,10.59,6.82,Bi-weekly,56.38,37.09
03-06-2020,58.81,35.59,17.45,5.78,Bi-weekly,54.36,47.57
04-06-2020,49.74,32.42,11.77,5.55,Weekly,53.88,37.68
05-06-2020,55.02,40,9.78,5.23,Bi-weekly,59.33,37.36
06-06-2020,50.97,35.67,10.55,4.75,Bi-weekly,49.9,40.01
07-06-2020,50.54,30.52,13.82,6.2,Bi-weekly,64.78,39.44
08-06-2020,52.93,35.91,11.88,5.14,Bi-weekly,46.19,40.82
09-06-2020,42.8,30.85,8.91,3.03,Weekly,51.29,41.6
10-06-2020,53.62,35.98,13.76,3.88,Bi-weekly,57.21,48.31
11-06-2020,52.47,36.93,10.72,4.81,Bi-weekly,58.17,41.61
12-06-2020,52.09,30.83,15.95,5.31,Bi-weekly,54.71,36.86
13-06-2020,55.48,36.02,14.51,4.94,Bi-weekly,55.26,50.05
14-06-2020,52.03,34.21,11.61,6.22,Bi-weekly,57.26,39.3
15-06-2020,53.53,35.27,15.21,3.05,Bi-weekly,54.2,44.27
16-06-2020,56.41,38.33,12.94,5.14,Bi-weekly,62.61,46.12
17-06-2020,49.59,31.73,14.67,3.18,Weekly,59.16,45.4
18-06-2020,49.9,30.04,14.1,5.76,Weekly,59.35,49.7
19-06-2020,45.97,29.47,11.6,4.91,Weekly,49.77,45.87
20-06-2020,47.11,29.52,12.17,5.42,Weekly,54.31,39.34
21-06-2020,51.38,31.57,15.68,4.14,Bi-weekly,53.64,55.6
22-06-2020,52.05,32.65,13.12,6.28,Bi-weekly,50.18,44.91
23-06-2020,51.48,32.29,13.15,6.04,Bi-weekly,56.95,43.21
24-06-2020,51.57,33.77,12.22,5.58,Bi-weekly,52.47,48.49
25-06-2020,51.18,31.16,15.15,4.87,Bi-weekly,58.39,45.79
26-06-2020,59.49,35.31,18.6,5.58,Bi-weekly,50.6,47.58
27-06-2020,46.79,29.98,12.52,4.29,Weekly,63.27,56.22
28-06-2020,59.49,38.76,14.87,5.86,Bi-weekly,51.47,43.09
29-06-2020,56.78,32.31,17.82,6.65,Bi-weekly,56.77,43.76
30-06-2020,48.77,27.69,15.02,6.07,Weekly,58.84,45.09
01-07-2020,47.4,26.87,16.25,4.27,Weekly,51.89,50.23
02-07-2020,50.12,31.36,13.4,5.36,Bi-weekly,59.27,36.49
03-07-2020,49.33,29.07,16.55,3.71,Weekly,48.79,35.14
04-07-2020,52.78,31.71,15.49,5.57,Bi-weekly,62.54,41.71
05-07-2020,54.28,30.82,18.01,5.45,Bi-weekly,55.5,37.23
06-07-2020,50.72,29.01,18.58,3.13,Bi-weekly,52.09,43.45
07-07-2020,51.91,26.51,21.56,3.84,Bi-weekly,53.7,48.98
08-07-2020,46.76,24.34,17.7,4.72,Weekly,58.72,40.86
09-07-2020,49.43,27.37,17.36,4.7,Weekly,52.02,38.07
10-07-2020,52.16,31.11,17.26,3.79,Bi-weekly,51.47,45.53
11-07-2020,50.73,29.01,16.33,5.39,Bi-weekly,53.97,49.21
12-07-2020,47.59,24.47,17.87,5.25,Weekly,48.87,36.89
13-07-2020,50.12,28.55,16.76,4.81,Bi-weekly,64.11,49.13
14-07-2020,51.1,29.02,17.84,4.24,Bi-weekly,52.28,49.44
15-07-2020,51.38,25.05,20.28,6.05,Bi-weekly,59.3,50.86
16-07-2020,50.43,27.99,15.78,6.66,Bi-weekly,56.09,50.83
17-07-2020,52.27,27.54,20.22,4.52,Bi-weekly,50.3,57.08
18-07-2020,48.87,23.77,20.71,4.39,Weekly,54.86,44.43
19-07-2020,51.58,28.11,17.98,5.49,Bi-weekly,59.08,45.94
20-07-2020,47.3,28.55,14.1,4.64,Weekly,53.79,42.15
21-07-2020,52.07,29.96,17.26,4.86,Bi-weekly,61.17,45.19
22-07-2020,56.64,29.71,21.19,5.74,Bi-weekly,60.77,54.02
23-07-2020,44.01,22.25,18.67,3.09,Weekly,59,38.88
24-07-2020,46.56,23.41,16.83,6.32,Weekly,52.36,40.74
25-07-2020,50.61,27.61,17.93,5.07,Bi-weekly,49.66,52.27
26-07-2020,52.76,27.45,20.73,4.59,Bi-weekly,52.21,51.32
27-07-2020,52.44,27.3,20.24,4.91,Bi-weekly,56.23,44.26
28-07-2020,60.88,37.15,18.76,4.96,Bi-weekly,58.82,49.9
29-07-2020,49.02,27.15,18.6,3.27,Weekly,44.04,47.29
30-07-2020,53.82,28.7,18.63,6.49,Bi-weekly,55.34,53.09
31-07-2020,50.69,28,17.65,5.04,Bi-weekly,55.86,45.67
01-08-2020,55.18,26.94,22.8,5.44,Bi-weekly,54.13,51.97
02-08-2020,48.84,23.89,18.99,5.95,Weekly,61.34,58.91
03-08-2020,53.08,26.97,22.13,3.98,Bi-weekly,57.42,49.63
04-08-2020,50.5,22.23,22.8,5.47,Bi-weekly,61.6,47.09
05-08-2020,50.23,23.69,21.8,4.73,Bi-weekly,53.94,50.15
06-08-2020,47.64,22.81,18.99,5.85,Weekly,59.45,43.87
07-08-2020,47.94,24.37,20.7,2.87,Weekly,62.97,58.15
08-08-2020,55.7,30.93,19.88,4.9,Bi-weekly,62.13,46.86
09-08-2020,40.79,18.25,18.14,4.4,Weekly,48.62,44.08
10-08-2020,51.82,25.77,20.62,5.43,Bi-weekly,53.91,42.01
11-08-2020,41.84,18.74,17.63,5.47,Weekly,52.46,50.78
12-08-2020,48.7,22.03,22.37,4.29,Weekly,57.32,51.05
13-08-2020,49.94,26.59,19.07,4.29,Weekly,58.43,43.23
14-08-2020,48.67,23.39,20.4,4.89,Weekly,50.67,49
15-08-2020,44.49,19.83,20.55,4.1,Weekly,54.79,38.62
16-08-2020,46.1,20.8,19.45,5.84,Weekly,44.51,46.76
17-08-2020,50.62,24.86,21.12,4.63,Bi-weekly,62.27,48.6
18-08-2020,41.58,20.51,18.97,2.09,Weekly,51.6,54.23
19-08-2020,49.5,23.24,21.63,4.63,Weekly,55.23,42.64
20-08-2020,43.73,22.61,17.16,3.96,Weekly,52.82,38.76
21-08-2020,43.83,20.41,20.06,3.37,Weekly,60.11,41.54
22-08-2020,56.08,28.68,23.63,3.76,Bi-weekly,41.42,40.41
23-08-2020,46.85,24.05,17.7,5.11,Weekly,54.6,51.99
24-08-2020,40.57,15.96,18.28,6.33,Weekly,53.53,53.23
25-08-2020,48.4,22.49,20.6,5.31,Weekly,52.57,47.78
26-08-2020,44.1,19.85,19.85,4.39,Weekly,63.04,52.06
27-08-2020,49.87,24.29,20.12,5.46,Weekly,50.55,46.7
28-08-2020,44.11,19.26,20.31,4.54,Weekly,58.27,45.62
29-08-2020,46.02,21.2,20.51,4.31,Weekly,56.38,44.49
30-08-2020,48.18,22.97,21.36,3.85,Weekly,61.13,44.86
31-08-2020,47.08,23.97,19.86,3.25,Weekly,51.37,38.22
01-09-2020,40.75,17.68,18.46,4.61,Weekly,50.41,46.86
02-09-2020,45.53,20.2,20.18,5.16,Weekly,60.03,45.85
03-09-2020,47.11,19.69,22.52,4.9,Weekly,56.84,50.48
04-09-2020,42,19.08,18.33,4.58,Weekly,46.48,45.97
05-09-2020,46.84,26.26,16.52,4.05,Weekly,51.99,44.14
06-09-2020,48.28,22.11,20.56,5.61,Weekly,56.76,41.81
07-09-2020,38.7,17.04,17.97,3.68,Weekly,58.06,45.75
08-09-2020,43.02,23.51,13.73,5.78,Weekly,50.91,47.81
09-09-2020,50.69,27.06,19.63,4,Bi-weekly,40.5,40.17
10-09-2020,44.7,23.73,16.73,4.25,Weekly,57.09,45.45
11-09-2020,37.02,16.01,17.47,3.53,Weekly,47.6,46.41
12-09-2020,41.73,19.06,18.16,4.5,Weekly,44.09,41.86
13-09-2020,47.97,24.26,17.73,5.98,Weekly,40.64,42.38
14-09-2020,42.42,18.29,18.61,5.52,Weekly,58.31,46.74
15-09-2020,43.84,21.7,16.16,5.98,Weekly,55.03,39.18
16-09-2020,46.07,22.64,17.9,5.52,Weekly,53.48,47.12
17-09-2020,37.59,17.5,16.19,3.9,Weekly,60.7,40.38
18-09-2020,42.75,20.06,18.02,4.67,Weekly,57.46,50.72
19-09-2020,32.31,10.48,17.61,4.22,Weekly,61.31,56.97
20-09-2020,37.77,17.1,14.34,6.33,Weekly,46.81,40
21-09-2020,41.4,19.38,18.21,3.8,Weekly,53.97,48.13
22-09-2020,37.06,16.37,14.8,5.89,Weekly,45.62,40.81
23-09-2020,48.19,24.99,17.31,5.89,Weekly,53.67,50.4
24-09-2020,38.86,15.78,16.26,6.83,Weekly,52.64,38.55
25-09-2020,42.34,18.73,19.03,4.59,Weekly,57.37,48.11
26-09-2020,40.87,20.43,14.73,5.71,Weekly,54.31,40.05
27-09-2020,45.93,24.34,14.3,7.28,Weekly,57.71,43.26
28-09-2020,34.87,15.7,14.79,4.38,Weekly,57,39.28
29-09-2020,41,23.49,14.04,3.46,Weekly,64.88,48.33
30-09-2020,39.23,20.03,16.08,3.12,Weekly,52.35,40.64
01-10-2020,33.84,17.06,11.07,5.71,Weekly,48.68,46.08
02-10-2020,36.53,21.39,12.02,3.12,Weekly,54.88,41.89
03-10-2020,37.06,20.6,11.82,4.63,Weekly,49.69,42.98
04-10-2020,39.34,18.21,15.69,5.44,Weekly,61.34,45.45
05-10-2020,42.46,20.24,17.04,5.19,Weekly,52.83,41.3
06-10-2020,37.56,18.88,13.25,5.43,Weekly,50.93,45.03
07-10-2020,38.57,20.4,12.95,5.22,Weekly,51.5,51.54
08-10-2020,41.61,22.06,13.27,6.28,Weekly,57.75,40.09
09-10-2020,44.2,24.86,15.29,4.05,Weekly,53.63,50.45
10-10-2020,31.69,16.41,10.95,4.32,Weekly,49.96,50.78
11-10-2020,43.91,26.55,13.13,4.23,Weekly,62.72,39.86
12-10-2020,34.61,14.33,14.45,5.83,Weekly,49.18,37.06
13-10-2020,39.02,19.77,13.35,5.9,Weekly,54.08,45.52
14-10-2020,40.06,22.02,12.58,5.45,Weekly,57.27,41.04
15-10-2020,41.39,21.14,14.06,6.18,Weekly,45.98,53.56
16-10-2020,28.81,18.47,6.52,3.82,Weekly,55.28,42.13
17-10-2020,39.57,19.76,13.14,6.67,Weekly,48.68,39.93
18-10-2020,35.83,18.96,10.35,6.52,Weekly,57.7,37.37
19-10-2020,32.32,18.72,7.87,5.74,Weekly,48.42,47.81
20-10-2020,42.3,23.09,12.43,6.78,Weekly,57.69,40.87
21-10-2020,39.05,21.67,14.03,3.34,Weekly,59.43,44.43
22-10-2020,33.95,18.58,10.89,4.48,Weekly,57.7,48.05
23-10-2020,40.65,23.42,12.97,4.26,Weekly,55.32,41.47
24-10-2020,41.61,21.71,14.18,5.72,Weekly,53,44.02
25-10-2020,40.73,23.3,13.48,3.95,Weekly,51.19,43.96
26-10-2020,42.62,22.82,14.04,5.76,Weekly,61.62,47.63
27-10-2020,37.04,18.52,12.15,6.37,Weekly,50.21,46.6
28-10-2020,35.83,19.4,10.74,5.7,Weekly,48.4,42.12
29-10-2020,35.99,23.4,7.3,5.28,Weekly,56.93,42.51
30-10-2020,37.02,23.07,9.94,4.01,Weekly,49.72,41.12
31-10-2020,34.09,21.26,8.68,4.15,Weekly,48.66,35.22
01-11-2020,42.66,21.76,14.64,6.25,Weekly,47.05,45.68
02-11-2020,41.01,25.33,9.89,5.78,Weekly,51.69,52.43
03-11-2020,35.22,19.82,10.44,4.96,Weekly,53.11,38.71
04-11-2020,39.16,23.33,11.25,4.58,Weekly,55.13,39.51
05-11-2020,34.35,21.18,10.2,2.97,Weekly,58.19,38.71
06-11-2020,38.63,21.23,13.47,3.93,Weekly,56.5,47.66
07-11-2020,41,25.28,8.8,6.91,Weekly,53.15,44.88
08-11-2020,38.7,24.57,10.42,3.72,Weekly,52.88,42.33
09-11-2020,38.35,24.64,8.53,5.19,Weekly,56.39,37.97
10-11-2020,39.59,26.22,7.36,6.01,Weekly,60.32,42.67
11-11-2020,35,22.48,8.78,3.75,Weekly,54.13,34.81
12-11-2020,39.69,24.58,9.93,5.18,Weekly,51.62,43.7
13-11-2020,36.81,21.72,9.15,5.94,Weekly,48.72,47.1
14-11-2020,37.39,23.74,8.64,5.01,Weekly,46.51,36.34
15-11-2020,37.6,22.49,7.24,7.87,Weekly,57.09,34.51
16-11-2020,36.54,23.3,9.91,3.33,Weekly,56.54,50.87
17-11-2020,38.07,24.91,7.1,6.06,Weekly,56.69,39.07
18-11-2020,37.3,20.8,11.67,4.83,Weekly,53.09,49.18
19-11-2020,45.79,29.66,10.36,5.77,Weekly,61.61,42.34
20-11-2020,33.27,20.5,7.33,5.44,Weekly,50.91,41.39
21-11-2020,33.95,20,9.68,4.27,Weekly,58.17,45.1
22-11-2020,41.34,27.25,8.86,5.23,Weekly,53.94,38.24
23-11-2020,40.5,26.29,11.07,3.14,Weekly,51.01,43.98
24-11-2020,44.72,25.93,13.19,5.6,Weekly,57.43,42.05
25-11-2020,38.21,26.08,6.83,5.3,Weekly,55.87,35.45
26-11-2020,40.83,24.3,10.9,5.64,Weekly,55.87,44.96
27-11-2020,38.28,21.78,10.44,6.06,Weekly,54.23,41.82
28-11-2020,42.41,24.85,12.2,5.37,Weekly,54.05,42.87
29-11-2020,39.26,22.73,11.38,5.15,Weekly,65.87,37.36
30-11-2020,41.51,27.84,9.56,4.12,Weekly,60.07,50.82
01-12-2020,39.44,24.62,10.53,4.29,Weekly,57.56,47.54
02-12-2020,38.62,22.74,9.69,6.19,Weekly,54.42,47.73
03-12-2020,44.39,24.4,13.56,6.44,Weekly,59.47,42.54
04-12-2020,43.09,26.76,11.57,4.76,Weekly,56.9,34.82
05-12-2020,44.48,23.98,15.46,5.05,Weekly,54.58,54.4
06-12-2020,39.12,23.36,11.66,4.1,Weekly,52.39,43.19
07-12-2020,43.39,26.72,10.5,6.17,Weekly,53.93,39.41
08-12-2020,41.58,26.88,9.03,5.67,Weekly,38.31,44.79
09-12-2020,40.32,24.78,8.6,6.94,Weekly,55.09,48.41
10-12-2020,38.35,25.05,9.18,4.12,Weekly,51.39,42.64
11-12-2020,44.98,27.32,13.03,4.62,Weekly,62.46,50.3
12-12-2020,41.34,22.44,13.67,5.23,Weekly,54.23,49.52
13-12-2020,38.02,22.73,9.65,5.65,Weekly,47.86,37.51
14-12-2020,44.5,24.96,14.76,4.78,Weekly,54.2,41.06
15-12-2020,42.93,26.64,12.16,4.13,Weekly,49.06,48.44
16-12-2020,47.84,28.38,13.58,5.88,Weekly,57.15,30.51
17-12-2020,54.44,32.04,16.68,5.72,Bi-weekly,56.9,44.26
18-12-2020,49.85,30.35,15.42,4.08,Weekly,59.77,37.47
19-12-2020,47.08,27.47,13.25,6.36,Weekly,50.75,41.59
20-12-2020,46.41,28.06,12.18,6.17,Weekly,54.81,42.16
21-12-2020,40.24,25.28,9.83,5.13,Weekly,47.2,41.16
22-12-2020,46.35,28.4,12.87,5.08,Weekly,58.14,41.1
23-12-2020,47.37,27.76,14.06,5.55,Weekly,57.33,38.73
24-12-2020,46.58,29.77,12.68,4.14,Weekly,57.14,55.26
25-12-2020,46.08,26.49,14.56,5.03,Weekly,54.62,53.71
26-12-2020,48.7,30.7,15.15,2.85,Weekly,56.94,38.74
27-12-2020,54.51,33.91,14.72,5.88,Bi-weekly,63.47,52.33
28-12-2020,46.64,29.16,14.05,3.44,Weekly,53.24,42.22
29-12-2020,53.22,30.86,15.86,6.5,Bi-weekly,56.02,45.4
30-12-2020,53.15,31.9,16.58,4.67,Bi-weekly,49.88,44.66
31-12-2020,47.27,28.8,13.69,4.79,Weekly,50.39,40.81
01-01-2021,54.08,30.84,18.86,4.37,Bi-weekly,55.9,50.58
02-01-2021,51.11,30.38,16.01,4.71,Bi-weekly,60.63,45.43
03-01-2021,53.64,30.81,16.42,6.42,Bi-weekly,54.08,42.54
04-01-2021,48.84,28.37,17.96,2.51,Weekly,53.7,38.87
05-01-2021,54.39,30.93,17.18,6.28,Bi-weekly,53.4,40.68
06-01-2021,56.64,32.53,18.78,5.34,Bi-weekly,52.99,37.43
07-01-2021,56.96,35.56,17.61,3.79,Bi-weekly,57.17,45.34
08-01-2021,54.14,34.25,15.97,3.92,Bi-weekly,47.93,38.81
09-01-2021,62.75,38,18.07,6.68,Bi-weekly,62.68,44.09
10-01-2021,48.68,29.41,15.21,4.05,Weekly,51.54,51.41
11-01-2021,56.21,34.5,17.87,3.85,Bi-weekly,59.23,51.36
12-01-2021,56.47,32.6,17.73,6.14,Bi-weekly,49.3,45.16
13-01-2021,61.65,38.79,17.52,5.34,Bi-weekly,59.51,44.82
14-01-2021,51.85,29.96,17.82,4.06,Bi-weekly,58.54,54.75
15-01-2021,49.7,30.03,14.45,5.22,Weekly,56.89,46.94
16-01-2021,52.14,30.92,17.25,3.97,Bi-weekly,50.24,43.54
17-01-2021,51.27,26.51,18.66,6.1,Bi-weekly,56.38,38.47
18-01-2021,56.45,31.47,18.92,6.06,Bi-weekly,49.73,47.64
19-01-2021,53.13,30.94,16.66,5.53,Bi-weekly,54.05,49.14
20-01-2021,60.55,33.83,21.36,5.36,Bi-weekly,61.2,43.25
21-01-2021,58.53,34.56,17.21,6.76,Bi-weekly,59.84,46.62
22-01-2021,65.31,39.33,20.98,5,Bi-weekly,56.61,44.48
23-01-2021,60.53,36.71,20,3.82,Bi-weekly,51.18,45.08
24-01-2021,55.68,32.28,17.95,5.45,Bi-weekly,58.8,32.95
25-01-2021,61.44,31.48,22.88,7.09,Bi-weekly,56.24,45.76
26-01-2021,56.82,35.8,17.03,3.99,Bi-weekly,44.08,49.96
27-01-2021,56.49,30.52,21.33,4.64,Bi-weekly,59.56,43.24
28-01-2021,67.12,40.13,21.57,5.42,Bi-weekly,56.59,46.73
29-01-2021,61.57,38.33,18.29,4.95,Bi-weekly,62.17,41.71
30-01-2021,60.03,33.53,22.48,4.02,Bi-weekly,50.53,48.55
31-01-2021,55.32,29.95,19.26,6.12,Bi-weekly,39.65,44.69
01-02-2021,67,39.3,20.38,7.32,Bi-weekly,58.1,41.42
02-02-2021,60.6,35.04,20.37,5.2,Bi-weekly,57.52,52.77
03-02-2021,62.96,39.24,19.62,4.1,Bi-weekly,47.84,50.53
04-02-2021,55.88,30.88,21.55,3.45,Bi-weekly,50.7,43.44
05-02-2021,60.81,34.01,21.54,5.26,Bi-weekly,69.86,48.95
06-02-2021,58.54,35.96,16.48,6.1,Bi-weekly,54.33,47.63
07-02-2021,64.3,36.23,22.6,5.48,Bi-weekly,60.08,49.99
08-02-2021,56.54,34.87,16.67,5,Bi-weekly,52.4,36.53
09-02-2021,64.7,38.22,22.07,4.41,Bi-weekly,46.02,51.65
10-02-2021,59.44,33.28,22.25,3.91,Bi-weekly,55.09,43.83
11-02-2021,59.83,36.19,17.81,5.83,Bi-weekly,54.65,43.55
12-02-2021,62.17,37.11,19.15,5.91,Bi-weekly,54.22,58.93
13-02-2021,59.61,38.41,17.74,3.45,Bi-weekly,55.39,46.83
14-02-2021,65.21,39.13,19.49,6.59,Bi-weekly,57.84,43.92
15-02-2021,58.59,33.74,19.27,5.57,Bi-weekly,55.11,34.76
16-02-2021,60.44,32.63,21.41,6.4,Bi-weekly,49.72,53.37
17-02-2021,67.27,41.19,22.43,3.66,Bi-weekly,59.16,40
18-02-2021,64.65,38.47,22.55,3.63,Bi-weekly,46.72,41.75
19-02-2021,58.76,35.34,18.57,4.85,Bi-weekly,45.62,43.92
20-02-2021,67.07,42.35,19.22,5.5,Bi-weekly,60.4,52.85
21-02-2021,61.15,38.15,16.2,6.8,Bi-weekly,58.65,48.73
22-02-2021,65.04,41.45,17.88,5.71,Bi-weekly,56.22,44.58
23-02-2021,64.32,38.22,21.34,4.76,Bi-weekly,49.45,47.94
24-02-2021,70.83,44.3,22.56,3.97,Bi-weekly,53.54,43.77
25-02-2021,66.48,43.48,16.77,6.23,Bi-weekly,55.33,45.73
26-02-2021,59.56,37.56,17.96,4.04,Bi-weekly,47.98,45.75
27-02-2021,66.94,41.32,18.99,6.63,Bi-weekly,53,50.54
28-02-2021,64.65,40.43,19.5,4.72,Bi-weekly,59.73,50.69
01-03-2021,66.5,42.69,17.21,6.59,Bi-weekly,63.79,47.63
02-03-2021,61.02,35.78,19.56,5.68,Bi-weekly,54.01,44.06
03-03-2021,63.33,40.82,17.65,4.86,Bi-weekly,60.12,49
04-03-2021,64.94,42.02,18.44,4.48,Bi-weekly,46.92,45.07
05-03-2021,57.74,33.64,19.44,4.66,Bi-weekly,59.07,40.42
06-03-2021,59.1,35.45,18.23,5.43,Bi-weekly,51.89,43.45
07-03-2021,55.24,32.95,17.21,5.08,Bi-weekly,57.06,45.58
08-03-2021,60.46,38.33,17.72,4.41,Bi-weekly,54.81,49.87
09-03-2021,63.82,41.36,17.62,4.83,Bi-weekly,62.98,44.37
10-03-2021,65.77,43.78,16.91,5.08,Bi-weekly,52.2,39.03
11-03-2021,59.41,39.56,16.98,2.87,Bi-weekly,59.08,45.38
12-03-2021,70.29,44.28,20.54,5.46,Bi-weekly,55.63,46.73
13-03-2021,57.65,35.32,18.31,4.02,Bi-weekly,54.97,46.42
14-03-2021,54.69,34.4,16.44,3.85,Bi-weekly,54.55,49.53
15-03-2021,60.98,39.4,18.27,3.31,Bi-weekly,51.87,50.57
16-03-2021,60.01,40.76,16.04,3.21,Bi-weekly,55.93,41.84
17-03-2021,62.1,39.56,18.89,3.64,Bi-weekly,55.9,42.59
18-03-2021,54.91,33.5,17.12,4.29,Bi-weekly,56.7,39.93
19-03-2021,62.42,39.47,16,6.95,Bi-weekly,56.66,48.29
20-03-2021,57.27,35.87,16.93,4.47,Bi-weekly,59.72,52.32
21-03-2021,59.73,41.82,12.73,5.18,Bi-weekly,60.59,42.24
22-03-2021,59.79,40.94,13.44,5.4,Bi-weekly,50.73,42.83
23-03-2021,55.32,37.05,13.13,5.13,Bi-weekly,59.88,51.27
24-03-2021,58.91,38.36,15.63,4.92,Bi-weekly,49.96,47.22
25-03-2021,59.19,36.74,18.64,3.8,Bi-weekly,58.86,47.77
26-03-2021,65.67,39.75,19.46,6.45,Bi-weekly,59.67,39.88
27-03-2021,65.73,42.82,16.1,6.81,Bi-weekly,47.02,48.22
28-03-2021,55.99,37.02,15.65,3.32,Bi-weekly,56.06,40.05
29-03-2021,56.35,41.5,10.88,3.98,Bi-weekly,53.29,37.59
30-03-2021,56.34,38.4,13.22,4.72,Bi-weekly,51.84,42.23
31-03-2021,54.21,37.62,12.56,4.04,Bi-weekly,62.18,40.84
01-04-2021,57.9,39.68,12.72,5.51,Bi-weekly,52.52,42.71
02-04-2021,54.62,36.89,13.45,4.27,Bi-weekly,51.43,36.83
03-04-2021,58.18,38.33,12.68,7.17,Bi-weekly,56.2,48.6
04-04-2021,52.08,36.4,9.5,6.19,Bi-weekly,58.64,48.49
05-04-2021,65.87,45.87,14.79,5.21,Bi-weekly,55.88,34.7
06-04-2021,57.08,40.07,10.98,6.03,Bi-weekly,61.54,48.19
07-04-2021,57.4,37.85,13.44,6.11,Bi-weekly,58.4,39.98
08-04-2021,61.97,40.57,16.96,4.44,Bi-weekly,45.31,49.37
09-04-2021,54.57,39.57,10.81,4.18,Bi-weekly,52.81,42.9
10-04-2021,51.74,39.22,7.44,5.08,Bi-weekly,52.36,42.38
11-04-2021,59.34,41.7,11.78,5.86,Bi-weekly,58.33,42.61
12-04-2021,61.65,42.1,14.41,5.14,Bi-weekly,43.04,50.38
13-04-2021,57.61,38.2,15.98,3.42,Bi-weekly,68.51,38.6
14-04-2021,51.69,38.03,9.46,4.2,Bi-weekly,57.82,45.88
15-04-2021,56.6,38.9,12.78,4.93,Bi-weekly,56.4,49.34
16-04-2021,48.42,32.77,10.72,4.92,Weekly,60.75,46.8
17-04-2021,53.38,35.09,11.31,6.97,Bi-weekly,67.06,55.02
18-04-2021,63.99,43.69,16.69,3.61,Bi-weekly,60.75,42.36
19-04-2021,58.26,44.47,8.28,5.51,Bi-weekly,60.57,47.27
20-04-2021,56.9,38.74,11.68,6.49,Bi-weekly,56.34,42.97
21-04-2021,60.42,41.16,12,7.27,Bi-weekly,55.33,49.77
22-04-2021,58.02,40.3,13.13,4.6,Bi-weekly,53.42,43.9
23-04-2021,65.09,48.54,11.05,5.49,Bi-weekly,52.38,41.38
24-04-2021,59.55,42.6,11.38,5.57,Bi-weekly,52.52,49.94
25-04-2021,53.87,38.79,9.89,5.2,Bi-weekly,48.63,40.51
26-04-2021,52.26,36.24,11.12,4.9,Bi-weekly,54.85,36.27
27-04-2021,49.47,34.21,9.82,5.44,Weekly,46.52,40.36
28-04-2021,53.71,39.57,11.68,2.47,Bi-weekly,56.33,46.6
29-04-2021,51.92,36.61,9.62,5.68,Bi-weekly,55.01,49.85
30-04-2021,50.72,34.53,11.06,5.13,Bi-weekly,55.81,43.87
01-05-2021,51.74,36.78,10.19,4.78,Bi-weekly,52.56,49.65
02-05-2021,54.88,35.39,12.45,7.05,Bi-weekly,70.87,36.94
03-05-2021,57.98,43.6,10.05,4.33,Bi-weekly,62.6,40.8
04-05-2021,52.26,41.1,6.56,4.6,Bi-weekly,49,40.53
05-05-2021,57.93,38.34,12.6,6.99,Bi-weekly,56.96,43.21
06-05-2021,55.11,42.7,8.24,4.17,Bi-weekly,52.47,42.89
07-05-2021,51.57,38.4,8.72,4.45,Bi-weekly,50.08,46.07
08-05-2021,49.15,35.48,8.82,4.85,Weekly,48.22,40.42
09-05-2021,61.12,42.53,12.75,5.84,Bi-weekly,58.27,44.52
10-05-2021,50.41,39.47,5.73,5.21,Bi-weekly,51.63,41.49
11-05-2021,54.62,34.64,16.28,3.71,Bi-weekly,60.3,40.25
12-05-2021,53.66,37.07,12.12,4.47,Bi-weekly,60.33,43.07
13-05-2021,49.77,34.9,10.47,4.39,Weekly,61.85,42.42
14-05-2021,48.13,33.26,9.94,4.92,Weekly,50.55,42.16
15-05-2021,56.15,40.07,10.65,5.43,Bi-weekly,57.99,43.35
16-05-2021,59.47,42.91,11.15,5.42,Bi-weekly,59.11,43.72
17-05-2021,47.52,32.86,11.44,3.22,Weekly,52.38,41.27
18-05-2021,55.99,38.62,11.3,6.06,Bi-weekly,51.74,49.76
19-05-2021,50.53,34.86,10.42,5.25,Bi-weekly,63.1,37.28
20-05-2021,51.51,35.22,9.91,6.38,Bi-weekly,56.29,39.37
21-05-2021,50.28,34.77,10.06,5.44,Bi-weekly,58.21,56.92
22-05-2021,49.97,33.83,10.04,6.1,Weekly,50.89,37.82
23-05-2021,54.67,36.43,12.77,5.47,Bi-weekly,49.37,37.06
24-05-2021,51.78,33.66,11.77,6.35,Bi-weekly,52.33,47.2
25-05-2021,47.14,36.83,4.79,5.52,Weekly,54.09,31.05
26-05-2021,52.7,35.73,12.07,4.9,Bi-weekly,49.95,42.45
27-05-2021,53.54,35.02,11.24,7.27,Bi-weekly,55.3,54.1
28-05-2021,49.68,32.87,10.92,5.89,Weekly,46.53,35.55
29-05-2021,49.58,33.72,10.28,5.57,Weekly,49.36,33.18
30-05-2021,54.72,37.57,13.42,3.72,Bi-weekly,58.83,36.53
31-05-2021,53.55,36.66,13.18,3.71,Bi-weekly,58.37,48.45
01-06-2021,47.23,32.08,9.86,5.29,Weekly,52.76,48.58
02-06-2021,52.65,35.16,12.34,5.15,Bi-weekly,50.18,41.14
03-06-2021,51.06,36.97,9.71,4.39,Bi-weekly,49.97,46.33
04-06-2021,43.72,29.55,9.03,5.14,Weekly,52.51,49.66
05-06-2021,53.29,36.04,10.67,6.59,Bi-weekly,58.55,52.14
06-06-2021,51.74,32.26,13.79,5.7,Bi-weekly,59.82,42.9
07-06-2021,53.77,35.81,14.11,3.86,Bi-weekly,52.89,32.73
08-06-2021,49.91,31.65,13.38,4.89,Weekly,49.22,39.91
09-06-2021,46.51,28.36,13.95,4.2,Weekly,55.99,42.05
10-06-2021,47.03,28.73,13.68,4.61,Weekly,50.59,42.81
11-06-2021,49.71,33.6,11.53,4.59,Weekly,52.38,42.52
12-06-2021,52.43,34.07,13.83,4.52,Bi-weekly,61.87,49.74
13-06-2021,48.89,30.42,14.73,3.74,Weekly,59.02,50.79
14-06-2021,54.55,34.88,14.8,4.87,Bi-weekly,56.25,43.58
15-06-2021,48.09,27.82,15.83,4.44,Weekly,48.45,50.24
16-06-2021,49.55,32.44,15.04,2.07,Weekly,56.01,46.3
17-06-2021,50.38,28.84,14.49,7.05,Bi-weekly,60.35,44.67
18-06-2021,52.54,30.35,16.1,6.09,Bi-weekly,53.38,49.36
19-06-2021,50.98,32.28,14.08,4.62,Bi-weekly,61.85,44.58
20-06-2021,46.94,29.39,12.54,5.02,Weekly,61.16,54.05
21-06-2021,48.62,30.64,14.15,3.83,Weekly,63.18,37.05
22-06-2021,54.5,34.65,13.16,6.7,Bi-weekly,56.98,41.37
23-06-2021,50.1,29.73,13.48,6.9,Bi-weekly,57.95,43.41
24-06-2021,53.66,33.79,14.71,5.16,Bi-weekly,62.44,46.61
25-06-2021,47.34,27.73,13.59,6.02,Weekly,56.97,50.42
26-06-2021,52.44,32.53,14.73,5.18,Bi-weekly,52.74,44.3
27-06-2021,50.5,35.1,11.74,3.66,Bi-weekly,52.81,36.41
28-06-2021,43.9,23.19,16.12,4.59,Weekly,55.58,49.05
29-06-2021,49.04,28.04,15.87,5.13,Weekly,48.45,48.54
30-06-2021,50.94,31.99,14.41,4.55,Bi-weekly,54.38,34.61
01-07-2021,51.79,29.48,17.53,4.78,Bi-weekly,60.66,45.24
02-07-2021,54.19,31.03,18.25,4.91,Bi-weekly,44.46,37.53
03-07-2021,46.18,27.93,13.33,4.92,Weekly,62.29,40.68
04-07-2021,50.07,29.83,15.18,5.05,Bi-weekly,60.62,40.04
05-07-2021,48.2,28.93,15.33,3.94,Weekly,52.52,48.65
06-07-2021,52.17,32.73,15.15,4.28,Bi-weekly,57.93,45.13
07-07-2021,52.38,29.82,18.85,3.72,Bi-weekly,55.25,39.23
08-07-2021,52.83,29.9,16.96,5.98,Bi-weekly,61.43,49.49
09-07-2021,47.34,27.48,16.97,2.89,Weekly,59.65,37.92
10-07-2021,46.87,27.08,13.64,6.15,Weekly,47.69,45.74
11-07-2021,52.53,27.07,19.07,6.39,Bi-weekly,58.19,41.65
12-07-2021,49.54,29.39,15.46,4.7,Weekly,53.93,42.81
13-07-2021,47.37,26.77,18.2,2.4,Weekly,55.15,47.98
14-07-2021,52.14,28.73,18.77,4.64,Bi-weekly,51.57,48.24
15-07-2021,59.93,33.92,21.07,4.94,Bi-weekly,64.73,53
16-07-2021,49.99,30.14,15.86,3.99,Weekly,60.2,44.35
17-07-2021,43.43,26.39,12.56,4.48,Weekly,50.64,45.3
18-07-2021,56.41,30.8,19.08,6.53,Bi-weekly,48.97,43.54
19-07-2021,53.9,25.81,22.43,5.66,Bi-weekly,53.46,47.64
20-07-2021,46.25,20.75,21.42,4.08,Weekly,56.8,48.62
21-07-2021,46.55,23.68,19.46,3.4,Weekly,55.86,45.35
22-07-2021,43.77,20.93,18.16,4.67,Weekly,60.64,36.43
23-07-2021,50.97,25.33,20.85,4.79,Bi-weekly,59.05,47.91
24-07-2021,49.16,26.28,17.38,5.5,Weekly,59.76,47.04
25-07-2021,55.93,31.09,20.37,4.46,Bi-weekly,57.23,42.71
26-07-2021,52.9,26.89,20.5,5.51,Bi-weekly,48.34,39.73
27-07-2021,53.72,25.09,21.69,6.94,Bi-weekly,54.39,53.89
28-07-2021,59.05,28.08,25.16,5.82,Bi-weekly,61.21,50
29-07-2021,44.24,18.81,20.48,4.95,Weekly,54.17,45
30-07-2021,49.55,26,18.74,4.82,Weekly,57.47,39.94
31-07-2021,51.85,27.45,19.76,4.64,Bi-weekly,53.59,41.82
01-08-2021,43.05,20.55,16.31,6.18,Weekly,49.16,51.41
02-08-2021,51.14,28.27,18.5,4.37,Bi-weekly,54.5,46.24
03-08-2021,49.86,25.71,19.11,5.05,Weekly,56.53,42.98
04-08-2021,47.26,23.3,18.9,5.05,Weekly,51.45,48.22
05-08-2021,51.08,26.3,20.28,4.5,Bi-weekly,53.93,42.01
06-08-2021,53.04,31.07,18.34,3.63,Bi-weekly,50.61,53.01
07-08-2021,52.23,24.67,22.24,5.32,Bi-weekly,60.82,53.44
08-08-2021,49.67,24.73,20,4.94,Weekly,53.49,43.67
09-08-2021,47.95,22.47,19.98,5.5,Weekly,62.06,42.85
10-08-2021,44.96,21.16,19.33,4.47,Weekly,62.14,32.71
11-08-2021,52.57,26.07,20.28,6.22,Bi-weekly,54.85,38.68
12-08-2021,46.6,20.88,21.6,4.12,Weekly,49.62,39.78
13-08-2021,48.44,23.53,18.19,6.71,Weekly,44.41,46.13
14-08-2021,43.59,21.76,18.57,3.25,Weekly,47,43.94
15-08-2021,49.18,24.5,19.24,5.43,Weekly,48.05,39.05
16-08-2021,46.54,23.95,17.11,5.48,Weekly,61.55,43.73
17-08-2021,48.26,25.94,18.12,4.2,Weekly,55.4,47.96
18-08-2021,45.34,21.17,18.75,5.42,Weekly,56.48,48.26
19-08-2021,49.44,21.78,21.38,6.28,Weekly,43.84,36.92
20-08-2021,42.41,19.54,20.09,2.78,Weekly,48.25,45.39
21-08-2021,46.41,21.03,19.88,5.5,Weekly,59.08,39.05
22-08-2021,47.01,23.38,21.12,2.51,Weekly,56.13,50.84
23-08-2021,47.5,24.41,19.06,4.03,Weekly,54.01,49.64
24-08-2021,45.92,19.27,20.02,6.63,Weekly,57.42,41.52
25-08-2021,47.9,24.54,18.94,4.42,Weekly,62.97,41.85
26-08-2021,49.3,25.9,19.58,3.83,Weekly,53.83,43.57
27-08-2021,45.55,22.98,17.77,4.8,Weekly,54.9,34.07
28-08-2021,48.29,27.27,13.95,7.07,Weekly,55.79,45.87
29-08-2021,40.84,19.23,18.45,3.17,Weekly,66.04,44.17
30-08-2021,43.11,17.72,21.44,3.95,Weekly,43.81,51.28
31-08-2021,42.86,16.03,20.33,6.5,Weekly,57.7,40.61
01-09-2021,52.91,25.77,20.28,6.86,Bi-weekly,54.72,42.99
02-09-2021,48.75,23.16,20.69,4.9,Weekly,57.71,38.67
03-09-2021,42.97,20.95,18.26,3.76,Weekly,51.01,40.46
04-09-2021,47.31,21.88,18.33,7.1,Weekly,54.49,39.59
05-09-2021,40.75,17.59,16.56,6.59,Weekly,57.63,49.95
06-09-2021,50.93,28.23,17.02,5.68,Bi-weekly,70.66,41.61
07-09-2021,44.13,21.21,18.73,4.19,Weekly,58.45,46.24
08-09-2021,45.79,21.09,19.76,4.95,Weekly,50.34,44.02
09-09-2021,44.62,22.87,16.91,4.84,Weekly,52.34,38.73
10-09-2021,43.54,22.07,16.13,5.33,Weekly,52.09,44
11-09-2021,44.57,21.24,16.87,6.45,Weekly,45.48,48.06
12-09-2021,41.94,18.14,17.91,5.88,Weekly,52.54,39.33
13-09-2021,39.46,21.88,13.66,3.92,Weekly,57.61,48.14
14-09-2021,44.22,26.06,11.79,6.38,Weekly,48.05,39.29
15-09-2021,44.82,24.4,15.11,5.31,Weekly,59.72,42.12
16-09-2021,44.39,25.1,13.6,5.69,Weekly,56.88,46.73
17-09-2021,40.06,18.75,14.85,6.47,Weekly,50.34,41.14
18-09-2021,36.56,17.27,15.4,3.89,Weekly,52.95,44.81
19-09-2021,39.41,19.83,14.62,4.96,Weekly,61.93,42.81
20-09-2021,43.06,20.34,18.25,4.47,Weekly,57.97,46.12
21-09-2021,42.68,23.42,15.83,3.43,Weekly,54.31,32.84
22-09-2021,35.98,15.04,15.6,5.35,Weekly,52.41,35.53
23-09-2021,48.26,24.68,16.07,7.51,Weekly,55.21,47.9
24-09-2021,35.13,19.59,12.37,3.16,Weekly,50.95,48.9
25-09-2021,40.29,18.77,16.56,4.97,Weekly,43.51,40.41
26-09-2021,36.79,17,14.15,5.64,Weekly,63.89,43.03
27-09-2021,35.65,15.06,15.47,5.12,Weekly,54.34,46.12
28-09-2021,39.18,22.48,11.82,4.89,Weekly,55.91,47.01
29-09-2021,34.61,20.22,10.68,3.7,Weekly,53.17,33.07
30-09-2021,36.62,16.13,15.26,5.23,Weekly,49.99,40.15
01-10-2021,34.57,16.11,14.21,4.24,Weekly,52.53,42.6
02-10-2021,33.29,18.99,11.49,2.81,Weekly,45.33,46.96
03-10-2021,42.6,25.01,11.39,6.19,Weekly,65.65,55.91
04-10-2021,40.41,19.24,15.22,5.96,Weekly,47.87,43.43
05-10-2021,31,15.52,10.43,5.05,Weekly,47.94,36.09
06-10-2021,40.47,19.3,15.94,5.23,Weekly,51.85,46.79
07-10-2021,36.01,19.24,10.7,6.07,Weekly,60.04,49.81
08-10-2021,30.84,11.99,13.63,5.22,Weekly,53.16,44.63
09-10-2021,37.39,19.94,11.55,5.9,Weekly,47.56,38.93
10-10-2021,37.4,19.43,13.27,4.7,Weekly,60.01,48.77
11-10-2021,39.39,22.24,10.83,6.31,Weekly,57.59,46.57
12-10-2021,42.52,25.73,11.46,5.32,Weekly,56.94,38.31
13-10-2021,40.53,23.6,11.74,5.19,Weekly,57.63,45.43
14-10-2021,32.7,19.45,9.52,3.73,Weekly,65.24,47.84
15-10-2021,35.15,16.98,12.88,5.29,Weekly,64.44,49.77
16-10-2021,42.49,28.06,10.26,4.17,Weekly,50.82,42.75
17-10-2021,35.64,20.57,10.71,4.36,Weekly,61.68,41.42
18-10-2021,33.74,20.48,9.07,4.18,Weekly,55.29,48.86
19-10-2021,30.18,20.42,5.83,3.93,Weekly,55.51,35.7
20-10-2021,38.74,21.14,10.47,7.12,Weekly,45.41,45.33
21-10-2021,42.08,20.17,15.58,6.33,Weekly,53.36,37.83
22-10-2021,38.1,18.94,12.24,6.92,Weekly,49.75,49
23-10-2021,33.41,19.08,10.55,3.78,Weekly,57.48,41.87
24-10-2021,35.74,20.69,9.98,5.07,Weekly,58.93,49.34
25-10-2021,33.41,19.23,10.48,3.71,Weekly,42.97,45.6
26-10-2021,34.55,18.79,11.46,4.3,Weekly,53.35,37.32
27-10-2021,33.34,21.32,7.94,4.08,Weekly,58.94,49.51
28-10-2021,39.03,20.32,12.47,6.24,Weekly,52.97,51.5
29-10-2021,41.9,25.67,11.62,4.6,Weekly,57.84,47.9
30-10-2021,30.94,13.29,11.58,6.07,Weekly,54.85,39.67
31-10-2021,41.19,24.6,10.99,5.6,Weekly,55.83,41.77
01-11-2021,42.57,25.15,10.12,7.3,Weekly,52.9,43.76
02-11-2021,30.2,15.28,11.39,3.52,Weekly,46.94,39.9
03-11-2021,38.04,20.57,11.21,6.26,Weekly,48.2,51.83
04-11-2021,36.02,20.57,9.3,6.15,Weekly,57.15,43.51
05-11-2021,30.45,17.56,8.86,4.03,Weekly,53.14,29.14
06-11-2021,35.76,19.55,10.2,6.01,Weekly,52.88,44.76
07-11-2021,37.09,18.65,13.1,5.34,Weekly,51.59,42.19
08-11-2021,39.65,27.35,7.53,4.77,Weekly,52.44,41.89
09-11-2021,36.27,25,7.09,4.18,Weekly,58.86,40.28
10-11-2021,40.78,26.12,10.38,4.28,Weekly,52.4,47.15
11-11-2021,41.81,24.58,10.18,7.05,Weekly,47.48,48.65
12-11-2021,34.6,19.14,10.46,5,Weekly,57.18,44.55
13-11-2021,37.49,21.07,10.64,5.78,Weekly,52.72,41.49
14-11-2021,38.19,24.23,9.75,4.21,Weekly,53.98,42.72
15-11-2021,36.66,19.22,13.22,4.22,Weekly,61.7,44.07
16-11-2021,38.33,25.14,7.1,6.08,Weekly,53.73,38.12
17-11-2021,34.77,22.41,8.71,3.65,Weekly,54.92,45.51
18-11-2021,36.94,22.13,10.23,4.58,Weekly,47.8,45.37
19-11-2021,37.77,25.52,7.22,5.03,Weekly,52.68,49.87
20-11-2021,40.19,24.85,10.23,5.11,Weekly,57.07,49.35
21-11-2021,41.38,22.56,13.99,4.82,Weekly,46.36,40.77
22-11-2021,43.45,27.26,10.8,5.4,Weekly,55.35,47.34
23-11-2021,37.68,20.67,11.32,5.69,Weekly,54.27,38.64
24-11-2021,40.07,25.9,8.43,5.73,Weekly,54.21,46.01
25-11-2021,39.81,25.97,9.83,4.01,Weekly,59.17,40.37
26-11-2021,38.54,23.4,10.42,4.72,Weekly,55.53,38.01
27-11-2021,42.3,25.45,10.65,6.19,Weekly,61.62,44.59
28-11-2021,40.73,20.87,13.97,5.89,Weekly,49.1,30.82
29-11-2021,43.81,27.54,12.64,3.63,Weekly,55.06,35.04
30-11-2021,39.14,24.36,9.43,5.35,Weekly,54.34,41.94
01-12-2021,38.79,23.49,12.28,3.02,Weekly,48.53,44.1
02-12-2021,46.32,28.36,12.92,5.05,Weekly,59.41,42.03
03-12-2021,44.49,23.25,14.34,6.9,Weekly,66.07,36.41
04-12-2021,40.71,21.29,15.37,4.05,Weekly,53.99,40.52
05-12-2021,35.49,21,10.32,4.17,Weekly,56.07,45.05
06-12-2021,44.29,27.65,10.88,5.76,Weekly,54.85,46.17
07-12-2021,35.74,22.14,10.14,3.46,Weekly,50.01,42.96
08-12-2021,48.12,31.41,12.34,4.37,Weekly,45.71,49.49
09-12-2021,39.55,20.06,13.9,5.6,Weekly,50.43,46.16
10-12-2021,51.02,31.55,15.1,4.37,Bi-weekly,48.14,40.79
11-12-2021,45.16,27.26,13.14,4.76,Weekly,63.04,42.54
12-12-2021,45.06,26.5,12.82,5.74,Weekly,53.93,36.83
13-12-2021,44.66,25.32,13.93,5.42,Weekly,52.74,43.64
14-12-2021,45.7,28.31,12.12,5.27,Weekly,59.02,49.2
15-12-2021,49.97,27.17,18.14,4.66,Weekly,49.39,48.87
16-12-2021,47.04,30.76,10.92,5.37,Weekly,50.87,50.28
17-12-2021,47.51,27.96,14.67,4.88,Weekly,55.09,42.89
18-12-2021,52.21,28.23,18.52,5.46,Bi-weekly,60.37,52.29
19-12-2021,46.03,26.86,14.66,4.5,Weekly,57.11,43.43
20-12-2021,47.21,27.95,14.45,4.82,Weekly,55.96,51.69
21-12-2021,47.51,29.21,14.29,4.01,Weekly,55.14,44.18
22-12-2021,43.11,23.33,14.81,4.96,Weekly,56.31,47.98
23-12-2021,46.87,24.58,18.09,4.19,Weekly,55.69,52.8
24-12-2021,46.01,31.03,11.1,3.89,Weekly,49.45,42.36
25-12-2021,53.5,29.48,18.76,5.26,Bi-weekly,55.58,46.72
26-12-2021,46.82,28.59,13.02,5.21,Weekly,49.31,50.35
27-12-2021,50.66,29.37,15.51,5.78,Bi-weekly,55.47,43.99
28-12-2021,50.45,30.53,15.35,4.57,Bi-weekly,52.64,38
29-12-2021,51,28.04,17.56,5.41,Bi-weekly,67.8,55.98
30-12-2021,46.39,27.49,13.35,5.55,Weekly,54.44,41.66
31-12-2021,53.67,30.59,17.63,5.44,Bi-weekly,48.35,46.08
01-01-2022,52.33,27.24,20.92,4.17,Bi-weekly,54.56,52.06
02-01-2022,51.03,31.57,14.31,5.15,Bi-weekly,57.7,41.25
03-01-2022,48.34,25.41,17.57,5.36,Weekly,63.2,40.23
04-01-2022,54.81,33.78,16.02,5.01,Bi-weekly,52.53,46.08
05-01-2022,53.54,32.28,18.35,2.91,Bi-weekly,47.44,36.54
06-01-2022,54.65,31.8,17.69,5.16,Bi-weekly,59.55,43.87
07-01-2022,57.88,34.15,16.51,7.21,Bi-weekly,48.88,46.18
08-01-2022,59.92,36.37,18.91,4.64,Bi-weekly,53.81,44.32
09-01-2022,60.55,34.59,21.69,4.27,Bi-weekly,54.77,38.79
10-01-2022,49.4,26.19,17.83,5.37,Weekly,54.59,53.32
11-01-2022,53.14,28.04,19.79,5.31,Bi-weekly,58.76,46.45
12-01-2022,52.26,30.18,15.89,6.19,Bi-weekly,51.81,51.92
13-01-2022,52.72,32.3,16.68,3.74,Bi-weekly,53.9,43.7
14-01-2022,59.33,33.94,19.66,5.73,Bi-weekly,55.86,41.5
15-01-2022,57.77,30.38,21.8,5.59,Bi-weekly,56.52,47.89
16-01-2022,57.79,33.28,19.65,4.86,Bi-weekly,56.27,44.82
17-01-2022,54.38,30.62,18.42,5.34,Bi-weekly,57.62,39.64
18-01-2022,56.39,31.21,19.14,6.03,Bi-weekly,59.86,53.09
19-01-2022,51.6,28.99,16.74,5.87,Bi-weekly,57.12,41.91
20-01-2022,55,30.61,20.54,3.86,Bi-weekly,57.77,36.96
21-01-2022,56.48,29.48,21.18,5.82,Bi-weekly,47.74,52.99
22-01-2022,54.29,30.77,18.59,4.94,Bi-weekly,55.68,43.06
23-01-2022,60.72,37.02,18.63,5.07,Bi-weekly,58.47,42.55
24-01-2022,56.41,31.17,20.17,5.07,Bi-weekly,59.29,37.22
25-01-2022,65.74,42.07,18.83,4.85,Bi-weekly,53.11,54.35
26-01-2022,61.62,35.81,19.62,6.19,Bi-weekly,52.87,39.44
27-01-2022,63.96,35.04,24.01,4.92,Bi-weekly,53.53,47.49
28-01-2022,55.3,32.06,19.36,3.88,Bi-weekly,58.21,50.37
29-01-2022,60.67,36.89,19.17,4.61,Bi-weekly,61.24,47.86
30-01-2022,57.02,33.21,18.63,5.18,Bi-weekly,53.66,45.29
31-01-2022,63.12,35.45,21.44,6.23,Bi-weekly,60.85,37.92
01-02-2022,68.13,42.91,19.61,5.6,Bi-weekly,57.43,41.83
02-02-2022,57.93,35.09,18.69,4.15,Bi-weekly,55.17,46.55
03-02-2022,69.1,38.97,22.64,7.49,Bi-weekly,55.85,42.86
04-02-2022,61.66,33.56,22.84,5.26,Bi-weekly,59.9,47.87
05-02-2022,60.77,35.7,18.8,6.28,Bi-weekly,57.71,49.05
06-02-2022,62.36,41.26,16.25,4.85,Bi-weekly,67.62,49.69
07-02-2022,61.72,34.2,21.99,5.53,Bi-weekly,51.91,40.47
08-02-2022,66.08,41.66,18.58,5.84,Bi-weekly,59.2,56.56
09-02-2022,66.2,38.48,21.51,6.22,Bi-weekly,53.97,50.29
10-02-2022,56.81,34.8,15.95,6.06,Bi-weekly,51.33,44.78
11-02-2022,66.02,38.51,21.64,5.87,Bi-weekly,56.55,51.94
12-02-2022,61.73,39.66,17.38,4.68,Bi-weekly,56.86,57.04
13-02-2022,64.38,38.74,21.22,4.43,Bi-weekly,71.03,39.17
14-02-2022,57.34,32.28,19.73,5.33,Bi-weekly,54.81,44.79
15-02-2022,58.6,34.94,17.73,5.93,Bi-weekly,50.21,33.43
16-02-2022,60.02,36.49,18.75,4.78,Bi-weekly,57.37,46.59
17-02-2022,64.06,37.13,20.87,6.07,Bi-weekly,46.03,48.09
18-02-2022,65.41,39.33,19.63,6.45,Bi-weekly,56.08,45.69
19-02-2022,62.7,38.12,20.5,4.08,Bi-weekly,56.35,42.88
20-02-2022,61.04,33.69,23.19,4.16,Bi-weekly,60.08,36.71
21-02-2022,59.82,38.94,16.02,4.86,Bi-weekly,60.85,46.67
22-02-2022,67.33,39.74,22.28,5.31,Bi-weekly,54.21,53.96
23-02-2022,63.32,39.69,19.15,4.48,Bi-weekly,55.58,42.79
24-02-2022,64.74,41.36,17.03,6.35,Bi-weekly,52.64,47.31
25-02-2022,62.2,40.72,16.06,5.42,Bi-weekly,50.58,36.98
26-02-2022,62.95,39.69,18.22,5.04,Bi-weekly,57.84,47.75
27-02-2022,62.08,38.2,20.32,3.56,Bi-weekly,49.84,44.13
28-02-2022,55.29,33.52,18.09,3.68,Bi-weekly,53.46,41.62
01-03-2022,66.39,39.88,21.24,5.28,Bi-weekly,51.66,42.57
02-03-2022,57.34,39.3,15.18,2.87,Bi-weekly,58.48,42.58
03-03-2022,63.5,39.57,17.91,6.01,Bi-weekly,65.36,47.29
04-03-2022,55.14,35.01,15.29,4.84,Bi-weekly,49.01,38.03
05-03-2022,62.3,35.68,18.38,8.24,Bi-weekly,46.96,43.53
06-03-2022,68.74,42.16,19.27,7.31,Bi-weekly,56.25,45.57
07-03-2022,60.28,38.95,16.51,4.82,Bi-weekly,56.11,39.46
08-03-2022,58.06,41.19,11.98,4.89,Bi-weekly,56.9,52.58
09-03-2022,62.72,39.29,17.43,6,Bi-weekly,54.04,40.96
10-03-2022,63.81,39.36,17.75,6.7,Bi-weekly,55.38,41.98
11-03-2022,63.03,42.15,17.52,3.36,Bi-weekly,58.14,40.36
12-03-2022,60.08,37.85,19.02,3.21,Bi-weekly,61.21,54.7
13-03-2022,58.36,39.74,14.24,4.38,Bi-weekly,46.06,47.04
14-03-2022,61.28,38.12,17.57,5.58,Bi-weekly,54.28,40.59
15-03-2022,62.18,38.26,18.42,5.5,Bi-weekly,57.29,51.06
16-03-2022,57.06,38.68,12.31,6.07,Bi-weekly,51.12,44.7
17-03-2022,60.46,40.32,16.34,3.8,Bi-weekly,64.7,46.19
18-03-2022,55.46,38.26,14.51,2.68,Bi-weekly,52.37,42.63
19-03-2022,64.55,43.51,15.19,5.86,Bi-weekly,56.25,40.81
20-03-2022,57.14,37.09,15.87,4.17,Bi-weekly,58.49,46.45
21-03-2022,56.26,39.25,14.03,2.98,Bi-weekly,52.67,41.48
22-03-2022,57.14,38.53,13.47,5.15,Bi-weekly,46.48,53.13
23-03-2022,64.73,44.21,14.72,5.79,Bi-weekly,54.33,38.07
24-03-2022,57.67,40.49,12.3,4.88,Bi-weekly,60.91,51.37
25-03-2022,59.69,43.02,12.13,4.54,Bi-weekly,54.28,43.08
26-03-2022,55.82,35.49,15.49,4.84,Bi-weekly,51.35,46.14
27-03-2022,57.05,40.76,11.66,4.63,Bi-weekly,60.33,47.66
28-03-2022,61.42,42.64,15.12,3.65,Bi-weekly,54.49,41.39
29-03-2022,59.06,40.23,14.55,4.29,Bi-weekly,53.36,48.69
30-03-2022,58.71,43.19,10,5.52,Bi-weekly,56.62,29.46
31-03-2022,55.7,38.45,11.93,5.32,Bi-weekly,59.42,39.98
01-04-2022,64.91,44.23,15.52,5.17,Bi-weekly,68.4,40.03
02-04-2022,61.9,46.9,11,4,Bi-weekly,60.33,37.03
03-04-2022,55.6,38.91,11.88,4.82,Bi-weekly,61.36,42.49
04-04-2022,55.05,38.65,13.58,2.82,Bi-weekly,52.98,46
05-04-2022,63.58,44.34,14.07,5.18,Bi-weekly,51.23,47.73
06-04-2022,62.98,44.71,11.85,6.43,Bi-weekly,56.61,44.76
07-04-2022,52.92,38.38,11.01,3.53,Bi-weekly,55.83,39.97
08-04-2022,57.99,38.67,14.91,4.41,Bi-weekly,50.41,46.32
09-04-2022,59.79,39.07,15.4,5.33,Bi-weekly,55.1,45.24
10-04-2022,55.85,35.85,13.74,6.25,Bi-weekly,57.58,48.8
11-04-2022,53.48,37.1,11.82,4.55,Bi-weekly,57.15,47.43
12-04-2022,51.03,36.82,9.91,4.31,Bi-weekly,57.62,43.13
13-04-2022,50.27,37.49,9.74,3.03,Bi-weekly,56.48,38.44
14-04-2022,57.09,39.66,12.33,5.1,Bi-weekly,53.17,40.43
15-04-2022,59.47,40.42,12.01,7.04,Bi-weekly,53.38,40.85
16-04-2022,63.47,44.33,13.86,5.28,Bi-weekly,50.35,42.58
17-04-2022,53.87,36.64,12.26,4.98,Bi-weekly,64.31,45.02
18-04-2022,55.71,42.54,7.85,5.32,Bi-weekly,55.64,45.93
19-04-2022,56.75,38.89,12.86,4.99,Bi-weekly,54.55,43.6
20-04-2022,52.2,39.34,8.67,4.19,Bi-weekly,50.58,42.68
21-04-2022,57.09,41.45,9.82,5.82,Bi-weekly,70.39,43.66
22-04-2022,52.23,36,11.01,5.23,Bi-weekly,49.86,40.72
23-04-2022,59.9,40.45,14.42,5.02,Bi-weekly,53.85,39.7
24-04-2022,60.35,39.74,16.58,4.02,Bi-weekly,58.11,36.2
25-04-2022,58.47,40.65,11.51,6.3,Bi-weekly,58.85,39.98
26-04-2022,55.52,39.97,9.88,5.66,Bi-weekly,60.34,45.33
27-04-2022,62.11,46.4,11.26,4.45,Bi-weekly,65.25,39.86
28-04-2022,54.97,37.05,11.92,6,Bi-weekly,58.03,42.39
29-04-2022,51.26,37.29,9.47,4.5,Bi-weekly,49.85,45.17
30-04-2022,54.82,36.93,13.67,4.22,Bi-weekly,54.2,46.7
01-05-2022,51.8,37.05,10.51,4.24,Bi-weekly,56.72,37.75
02-05-2022,50.97,36.72,11.02,3.23,Bi-weekly,65.44,48.29
03-05-2022,58.93,42.11,11.34,5.47,Bi-weekly,48.9,49.04
04-05-2022,56.73,42.71,10.85,3.17,Bi-weekly,61.69,37.6
05-05-2022,52.1,36.65,11.68,3.77,Bi-weekly,56.11,39.38
06-05-2022,47.46,35.77,8.77,2.92,Weekly,58.94,48.59
07-05-2022,53.39,39.58,8.9,4.91,Bi-weekly,54.83,41.93
08-05-2022,49.08,36.41,7.83,4.85,Weekly,50.7,31.25
09-05-2022,55.46,39.86,10.93,4.67,Bi-weekly,59.3,36.28
10-05-2022,54.06,38.47,11.63,3.96,Bi-weekly,58.68,42.24
11-05-2022,48.05,33.2,11.02,3.83,Weekly,59.67,37.49
12-05-2022,61.24,42.28,13.5,5.46,Bi-weekly,56.06,41.98
13-05-2022,57.55,42.91,10.18,4.45,Bi-weekly,52.76,43.22
14-05-2022,52.47,35.57,11.58,5.32,Bi-weekly,47.45,50.79
15-05-2022,48.37,36.13,8.12,4.11,Weekly,58.93,40.98
16-05-2022,52.81,38.03,9.59,5.18,Bi-weekly,57.4,48.24
17-05-2022,56.19,38.06,11.82,6.3,Bi-weekly,50.79,50.69
18-05-2022,56.7,38.91,12.2,5.59,Bi-weekly,52.98,50.83
19-05-2022,57.42,42.84,10,4.59,Bi-weekly,53.41,44.42
20-05-2022,51.93,36.15,10.53,5.26,Bi-weekly,47.78,33.34
21-05-2022,46.64,34.16,7.72,4.76,Weekly,50.58,44.62
22-05-2022,47.43,32.28,10.14,5.01,Weekly,49.07,48.28
23-05-2022,51.5,34.09,12.74,4.67,Bi-weekly,53.09,43.42
24-05-2022,53.1,36.05,12.21,4.84,Bi-weekly,51.62,52.39
25-05-2022,58.78,41.4,12.17,5.21,Bi-weekly,47.74,47.95
26-05-2022,49.72,34.33,11.38,4.01,Weekly,65.08,46.26
27-05-2022,51.81,36.41,11.42,3.98,Bi-weekly,61.44,48.86
28-05-2022,49.36,35.55,10.21,3.61,Weekly,51.04,44.73
29-05-2022,55.47,39.02,13.05,3.4,Bi-weekly,56.91,31.45
30-05-2022,59.3,42.89,12.63,3.78,Bi-weekly,58.02,41.29
31-05-2022,51.63,33.57,12.91,5.16,Bi-weekly,61.12,49.86
01-06-2022,48.66,33.54,11.01,4.11,Weekly,50.77,39.26
02-06-2022,51.41,38,7.9,5.51,Bi-weekly,60.6,41.25
03-06-2022,56.34,36.76,14.54,5.03,Bi-weekly,52.89,39.14
04-06-2022,54.67,40.1,11.54,3.03,Bi-weekly,48.79,52.38
05-06-2022,52.74,36.16,10.93,5.65,Bi-weekly,58.89,51.69
06-06-2022,53.18,33.17,14.2,5.81,Bi-weekly,61.77,39.84
07-06-2022,52.05,35.87,12.18,4.01,Bi-weekly,68.14,44.39
08-06-2022,57.93,37.26,15.25,5.42,Bi-weekly,49.79,41.17
09-06-2022,54.91,36.24,14.52,4.14,Bi-weekly,58.99,47.43
10-06-2022,55.06,35.14,14.82,5.1,Bi-weekly,53.46,47
11-06-2022,51.28,36.66,10.89,3.74,Bi-weekly,59.04,47.33
12-06-2022,56.22,36.8,16.21,3.21,Bi-weekly,48.27,46.52
13-06-2022,56.38,37.28,14.48,4.62,Bi-weekly,49.32,59.02
14-06-2022,53.18,34.91,13.39,4.88,Bi-weekly,51.44,38.88
15-06-2022,51.49,32.3,14.59,4.6,Bi-weekly,55.54,35.82
16-06-2022,47.82,33.08,10.92,3.82,Weekly,51.58,41.31
17-06-2022,56.16,36.09,15.47,4.6,Bi-weekly,58.91,36.8
18-06-2022,47.89,29.85,12.77,5.27,Weekly,59.92,36.37
19-06-2022,50.49,33.24,12.29,4.96,Bi-weekly,58.05,38.68
20-06-2022,48.1,30.79,12.13,5.18,Weekly,62.9,39.03
21-06-2022,53.79,31.88,17.57,4.33,Bi-weekly,57.46,40.5
22-06-2022,55.9,35.46,14.26,6.17,Bi-weekly,49.51,46.87
23-06-2022,54.62,32.03,18.76,3.82,Bi-weekly,62.28,43.1
24-06-2022,51.71,31.43,14.8,5.49,Bi-weekly,52.15,43.54
25-06-2022,45.84,27.04,12.62,6.18,Weekly,59.14,48.26
26-06-2022,52.64,33.18,13.98,5.48,Bi-weekly,63.13,40.36
27-06-2022,56.36,32.71,18.85,4.8,Bi-weekly,57.92,44.33
28-06-2022,57.8,37.09,16.23,4.47,Bi-weekly,48.3,46.7
29-06-2022,51.16,29.51,15.61,6.04,Bi-weekly,50.52,34.98
30-06-2022,51.69,30.92,17.19,3.58,Bi-weekly,61.78,33.23
01-07-2022,52.9,30.83,18.04,4.03,Bi-weekly,54.44,47.14
02-07-2022,58.68,34.65,19.43,4.6,Bi-weekly,56.27,48.29
03-07-2022,55.94,29.46,20.24,6.24,Bi-weekly,59.39,56.39
04-07-2022,52.57,30.41,16.78,5.38,Bi-weekly,58.74,45.82
05-07-2022,50.25,31.22,15,4.03,Bi-weekly,56.42,48.6
06-07-2022,51.44,29.79,16.97,4.69,Bi-weekly,54.1,44.11
07-07-2022,50.56,27.72,18.46,4.39,Bi-weekly,53.49,47.02
08-07-2022,49.91,29.47,16.15,4.29,Weekly,59.28,53.18
09-07-2022,54.21,31.93,16.3,5.98,Bi-weekly,58.19,34.27
10-07-2022,48.12,25.46,19.03,3.63,Weekly,53.53,47.78
11-07-2022,53.76,28.77,18.38,6.61,Bi-weekly,60.79,56.19
12-07-2022,50.59,26.1,18.66,5.83,Bi-weekly,54.41,47.01
13-07-2022,54.91,31.62,17.2,6.09,Bi-weekly,51.23,53.41
14-07-2022,46.2,23.3,18.37,4.54,Weekly,50.83,42.36
15-07-2022,47.96,26.02,17.09,4.85,Weekly,49.9,44.97
16-07-2022,53.05,28.66,20.83,3.57,Bi-weekly,53.94,46.42
17-07-2022,57.75,32.06,21.22,4.48,Bi-weekly,61.94,35.28
18-07-2022,48.04,27,15.55,5.49,Weekly,50.78,38.82
19-07-2022,49.13,25.37,17.47,6.3,Weekly,55.86,39.76
20-07-2022,52.83,32.51,16.42,3.89,Bi-weekly,52,49.04
21-07-2022,45.19,22.36,18.19,4.63,Weekly,53.22,49.82
22-07-2022,44.2,19.95,19.4,4.85,Weekly,46.87,47.44
23-07-2022,48.04,27.7,16.74,3.6,Weekly,53.7,49.14
24-07-2022,48.16,24.72,17.85,5.59,Weekly,53.85,44.54
25-07-2022,45.02,23,17.75,4.28,Weekly,57.2,51.33
26-07-2022,53.06,28.03,20.22,4.8,Bi-weekly,56.42,46.11
27-07-2022,51.02,26.48,19.99,4.55,Bi-weekly,49.11,46.29
28-07-2022,46.56,23.9,18.45,4.21,Weekly,60.08,44.21
29-07-2022,46.87,21.6,20.28,4.99,Weekly,55.74,49.51
30-07-2022,51.55,27.91,18.86,4.78,Bi-weekly,56.15,43.55
31-07-2022,51.15,27.09,19.43,4.63,Bi-weekly,55.07,50.71
01-08-2022,52.3,24.69,23.33,4.27,Bi-weekly,52.64,41.34
02-08-2022,58.38,30.38,22.68,5.32,Bi-weekly,56.93,41.31
03-08-2022,45.54,21.48,17.4,6.65,Weekly,56.93,48.66
04-08-2022,46.77,19.97,21.66,5.14,Weekly,45.94,46.05
05-08-2022,49.94,22.33,21.61,6,Weekly,52.3,44.21
06-08-2022,45.41,24.13,17.68,3.61,Weekly,53.27,49.75
07-08-2022,51.6,24.85,21.59,5.16,Bi-weekly,56.44,43.44
08-08-2022,50.16,23.26,23,3.9,Bi-weekly,60.98,45.9
09-08-2022,46.07,24.9,17.65,3.52,Weekly,50.75,52.29
10-08-2022,42.23,19.96,18.02,4.26,Weekly,51.73,53.1
11-08-2022,55.94,27.91,21.84,6.19,Bi-weekly,53.03,54.41
12-08-2022,49.45,23.2,20.3,5.95,Weekly,50.94,44.68
13-08-2022,52.72,26.67,20.8,5.24,Bi-weekly,53.54,52.39
14-08-2022,48,24.22,20.32,3.47,Weekly,58.65,41.35
15-08-2022,49.59,24.44,20.35,4.8,Weekly,49.69,41.57
16-08-2022,46.8,24.65,16.84,5.3,Weekly,56.82,33.3
17-08-2022,50.85,24.17,21.51,5.18,Bi-weekly,46.58,54.82
18-08-2022,49.46,24.63,21.67,3.16,Weekly,52.14,42.18
19-08-2022,49.47,26.58,18.78,4.11,Weekly,53.3,45
20-08-2022,47.06,23.06,19.06,4.94,Weekly,63.08,41.17
21-08-2022,46.01,24.49,15.98,5.54,Weekly,53.23,48.27
22-08-2022,44.75,21.98,19.97,2.8,Weekly,43.47,44.11
23-08-2022,51.28,26.46,19.97,4.84,Bi-weekly,45.13,39.47
24-08-2022,43.74,20.01,18.59,5.14,Weekly,54.54,47.79
25-08-2022,54.03,27.34,20.85,5.85,Bi-weekly,58.47,39.08
26-08-2022,45.21,21.71,17.81,5.69,Weekly,56.4,41.15
27-08-2022,42.5,17.44,19.47,5.58,Weekly,55.09,35.31
28-08-2022,42.4,22.03,16.17,4.2,Weekly,60.05,37.73
29-08-2022,40.63,19.5,18.03,3.09,Weekly,51.36,46.3
30-08-2022,46.18,23.98,17.59,4.61,Weekly,59.09,35.45
31-08-2022,43.66,19.41,18.25,6,Weekly,46.21,38.07
01-09-2022,43.25,19.94,16.91,6.39,Weekly,49.8,45.06
02-09-2022,38.48,15.53,17.24,5.71,Weekly,44.81,42.45
03-09-2022,44.19,19.76,19,5.43,Weekly,53.04,55.66
04-09-2022,35.47,13.77,16.32,5.38,Weekly,53.32,54.06
05-09-2022,34.48,16.21,13.82,4.44,Weekly,54.02,39.81
06-09-2022,48.42,23.18,20.37,4.87,Weekly,55.15,48.9
07-09-2022,49.32,23.18,19.47,6.67,Weekly,50.29,49.59
08-09-2022,40.05,22.03,13.96,4.06,Weekly,53.05,41.2
09-09-2022,42.16,17.79,17.76,6.61,Weekly,46.73,37.85
10-09-2022,40.37,20.49,15.2,4.68,Weekly,60.85,44.5
11-09-2022,43.45,20.56,16.57,6.33,Weekly,52.83,44.11
12-09-2022,37.09,17.04,16.46,3.59,Weekly,51.26,42.76
13-09-2022,45.79,24.97,15.23,5.59,Weekly,62.52,46.78
14-09-2022,41.26,23.04,13.96,4.26,Weekly,47.92,40.43
15-09-2022,37.25,19.7,13.97,3.58,Weekly,48.1,38.43
16-09-2022,38.96,20.4,13.34,5.22,Weekly,48.42,44.55
17-09-2022,40.25,20.9,13.34,6.01,Weekly,53.69,45.93
18-09-2022,32.96,14.11,14.69,4.16,Weekly,55.45,38.52
19-09-2022,36.18,19.46,13.22,3.5,Weekly,57.32,48.61
20-09-2022,38.87,18.12,15.84,4.91,Weekly,66.75,35.9
21-09-2022,39.33,17.14,17.28,4.91,Weekly,42.69,42.29
22-09-2022,37.79,19.27,12.97,5.55,Weekly,56.82,42.6
23-09-2022,45.87,25.48,14.44,5.95,Weekly,51.8,41.15
24-09-2022,41.72,21.99,14.79,4.94,Weekly,51.24,41.61
25-09-2022,39.76,18.34,14.57,6.86,Weekly,50.88,53.73
26-09-2022,40.58,21.75,13.61,5.22,Weekly,49.51,39.83
27-09-2022,43.65,24.22,14.78,4.65,Weekly,62.79,56.64
28-09-2022,40.27,22.79,14.09,3.39,Weekly,58.24,46.41
29-09-2022,35.41,20.18,10.49,4.74,Weekly,53.66,43.61
30-09-2022,37.27,18.06,14.55,4.66,Weekly,60.48,46.75
01-10-2022,42.48,22.09,14.43,5.96,Weekly,46.69,56.98
02-10-2022,37.62,21.18,10.97,5.46,Weekly,47.11,38.32
03-10-2022,38.94,22.69,12.43,3.82,Weekly,43,38.13
04-10-2022,40.66,21.92,13.57,5.17,Weekly,50.57,40.3
05-10-2022,40.49,23.18,11.64,5.67,Weekly,54.86,43.65
06-10-2022,39.03,18.44,14.07,6.53,Weekly,54.42,35.59
07-10-2022,46.41,24.01,16.51,5.89,Weekly,55.39,45.07
08-10-2022,36.51,20.67,10.08,5.76,Weekly,46.6,51.49
09-10-2022,40.15,26.33,8.76,5.06,Weekly,58.03,43.39
10-10-2022,35.46,18.06,12.01,5.39,Weekly,54.74,42.14
11-10-2022,44.34,25.36,12.73,6.25,Weekly,58.1,40.73
12-10-2022,35.16,20.78,10.71,3.67,Weekly,44.05,47.7
13-10-2022,36.88,18.27,13.97,4.65,Weekly,55.25,40.06
14-10-2022,31.31,18.81,8.28,4.23,Weekly,47.19,51.72
15-10-2022,36.96,19.34,12.24,5.38,Weekly,51.71,53.34
16-10-2022,37.39,21.62,9.55,6.23,Weekly,56.41,44.15
17-10-2022,40.47,21.96,14.11,4.4,Weekly,54.5,44.18
18-10-2022,35.9,18.72,14.57,2.61,Weekly,49.33,49.52
19-10-2022,33.98,20.42,8.97,4.59,Weekly,53.43,48.17
20-10-2022,42.22,26.97,9.33,5.91,Weekly,46.56,38.77
21-10-2022,43.4,25.78,12.08,5.54,Weekly,60.09,40.99
22-10-2022,36.93,21.97,9.53,5.43,Weekly,52.67,36.25
23-10-2022,35.71,20.84,10.15,4.72,Weekly,59.16,45.09
24-10-2022,35.12,21.15,10.24,3.72,Weekly,50.88,46.41
25-10-2022,34.52,22.7,6.31,5.52,Weekly,50.83,35.14
26-10-2022,32.11,17.86,10.08,4.17,Weekly,49.39,40.75
27-10-2022,36.11,20.23,8.7,7.18,Weekly,57.99,35.87
28-10-2022,30.71,16.07,9.06,5.57,Weekly,49.52,38.22
29-10-2022,39.69,22.36,12.91,4.42,Weekly,57.19,46.63
30-10-2022,35.07,23.18,7.5,4.39,Weekly,51.59,38.58
31-10-2022,36.41,19.88,11.63,4.91,Weekly,43.76,41.98
01-11-2022,40.34,26.13,9.44,4.76,Weekly,51.18,34.7
02-11-2022,33.38,17.82,9.44,6.12,Weekly,47.44,43.77
03-11-2022,33.98,17.2,11.59,5.19,Weekly,53.57,43.26
04-11-2022,37.34,22.36,10.71,4.27,Weekly,47.78,39.57
05-11-2022,43.01,24.93,11.19,6.89,Weekly,58.93,42.41
06-11-2022,44,26.94,12.01,5.05,Weekly,53.94,44.51
07-11-2022,35.83,20.61,9.45,5.77,Weekly,52.69,38.76
08-11-2022,38.64,25.33,8.92,4.39,Weekly,57.14,35.3
09-11-2022,35.47,22.08,8.02,5.36,Weekly,58.37,51.43
10-11-2022,35.69,21.79,8.59,5.31,Weekly,53.47,39.41
11-11-2022,44.38,25.07,16.2,3.11,Weekly,50.58,44.38
12-11-2022,44.36,24.49,12.85,7.02,Weekly,45.57,48.91
13-11-2022,31.94,17.92,7.73,6.29,Weekly,49.76,59.96
14-11-2022,39.66,27.19,7.86,4.6,Weekly,50.88,36.14
15-11-2022,42.47,27.02,11.55,3.9,Weekly,54.78,45.71
16-11-2022,38.24,21.13,11.76,5.35,Weekly,52.1,39.99
17-11-2022,41.26,24.32,11.86,5.09,Weekly,57.57,40.86
18-11-2022,40.44,24.74,10.34,5.36,Weekly,50.98,39.5
19-11-2022,40.06,24.17,10.7,5.19,Weekly,53.72,37.58
20-11-2022,39.08,21.86,11.72,5.51,Weekly,59.83,43.31
21-11-2022,39.42,21.63,11.34,6.45,Weekly,55.65,36.03
22-11-2022,36.12,23.7,6.85,5.57,Weekly,53.31,46.79
23-11-2022,42.33,27.43,10.94,3.95,Weekly,51.22,43.56
24-11-2022,41.87,25.68,9.82,6.36,Weekly,51.02,45.06
25-11-2022,41.73,23.08,12,6.64,Weekly,49.92,41.27
26-11-2022,52.56,26.65,17.76,8.15,Bi-weekly,52.55,43.49
27-11-2022,32.46,15.93,12.66,3.88,Weekly,57.02,45.23
28-11-2022,44.74,28.07,11.43,5.24,Weekly,53.36,37.61
29-11-2022,36.51,19.55,14.05,2.92,Weekly,46.9,42.42
30-11-2022,42.69,23.83,13.32,5.55,Weekly,63.11,39.7
01-12-2022,39.5,21.7,13.34,4.45,Weekly,55.55,39.55
02-12-2022,42.12,21.33,13.87,6.92,Weekly,47.18,33.61
03-12-2022,49.99,28.85,16.92,4.23,Weekly,52.79,51.77
04-12-2022,38.13,24.11,10.7,3.31,Weekly,54.37,39.78
05-12-2022,45.31,26.71,14.07,4.53,Weekly,63.05,50.04
06-12-2022,40.15,25.69,11.44,3.02,Weekly,48.47,48.78
07-12-2022,47.73,27.42,14.57,5.75,Weekly,59.65,37.94
08-12-2022,41.09,26.37,11.78,2.93,Weekly,61.11,38.09
09-12-2022,40.44,22.45,12.96,5.03,Weekly,50.9,56.69
10-12-2022,45.74,29.45,13.37,2.92,Weekly,53.19,52.77
11-12-2022,45.91,25.14,16.08,4.68,Weekly,49.41,44.67
12-12-2022,44.9,22.12,16.14,6.64,Weekly,53.47,46.13
13-12-2022,43.01,25.67,11.99,5.36,Weekly,54.12,40.44
14-12-2022,50.52,31.62,14.76,4.14,Bi-weekly,58.35,46.59
15-12-2022,48.21,29.83,13.41,4.97,Weekly,60.27,40.44
16-12-2022,43.9,26.4,12.48,5.02,Weekly,50.65,33.58
17-12-2022,46.78,26.57,14.74,5.47,Weekly,44.84,37.81
18-12-2022,45.18,26.82,14.73,3.63,Weekly,54.41,44.53
19-12-2022,60.15,34.18,20.38,5.59,Bi-weekly,57.48,40.46
20-12-2022,48.12,29.26,16.56,2.3,Weekly,56.06,44.63
21-12-2022,47.06,29.58,13.11,4.37,Weekly,53.07,38.56
22-12-2022,50.97,31.55,14.91,4.51,Bi-weekly,55.72,40.56
23-12-2022,53.23,29.34,18.25,5.63,Bi-weekly,62.9,49.74
24-12-2022,53.6,28.02,20.56,5.02,Bi-weekly,57.27,47.4
25-12-2022,45.35,28.38,13.37,3.59,Weekly,52.67,43.96
26-12-2022,45.89,28.93,12.95,4.02,Weekly,52.09,48.28
27-12-2022,55.01,29.2,20.61,5.2,Bi-weekly,54.65,48.59
28-12-2022,54.4,31.67,17.81,4.92,Bi-weekly,63.62,52.58
29-12-2022,49.69,29.81,15.46,4.42,Weekly,54.05,42.34
30-12-2022,54.96,32.03,18.42,4.52,Bi-weekly,55.4,43.38
31-12-2022,47.68,29.76,12.23,5.7,Weekly,52.36,37.16
01-01-2023,52.55,30.41,17.66,4.48,Bi-weekly,60.75,43.15
02-01-2023,47.71,24.35,18.45,4.91,Weekly,64.57,50.36
03-01-2023,60.22,33.27,19.79,7.17,Bi-weekly,58.28,52.44
04-01-2023,51.35,31.73,16.05,3.58,Bi-weekly,55.55,49.62
05-01-2023,55.39,33.85,18.39,3.15,Bi-weekly,55.72,36.54
06-01-2023,44.62,22.34,16.49,5.78,Weekly,42.54,50.36
07-01-2023,60.77,37.47,18.98,4.32,Bi-weekly,59.8,36.5
08-01-2023,52.44,30.95,16.81,4.68,Bi-weekly,55.92,49.53
09-01-2023,56.99,34.87,17.9,4.22,Bi-weekly,57.84,43.53
10-01-2023,50.17,28.59,16.84,4.74,Bi-weekly,51.46,48.56
11-01-2023,60.56,33.72,20.24,6.6,Bi-weekly,54.13,39.41
12-01-2023,55.45,28.89,20.76,5.8,Bi-weekly,53.49,52.08
13-01-2023,54.89,30.35,18.68,5.86,Bi-weekly,60.6,38.28
14-01-2023,61.03,38.13,19.32,3.58,Bi-weekly,54.21,42.45
15-01-2023,52.26,31.98,16.43,3.85,Bi-weekly,65.64,39.94
16-01-2023,54.35,33.37,18.82,2.16,Bi-weekly,57.59,36.87
17-01-2023,59.08,35.5,19.39,4.19,Bi-weekly,49.53,46.29
18-01-2023,65.3,34.54,24.81,5.96,Bi-weekly,55.89,56.47
19-01-2023,56.59,33.66,17.41,5.52,Bi-weekly,52.4,58.56
20-01-2023,61.88,34.47,22.63,4.78,Bi-weekly,45.22,47.27
21-01-2023,67.47,40.75,21.75,4.98,Bi-weekly,64.74,52.11
22-01-2023,58.2,33.52,20.37,4.31,Bi-weekly,59.34,47.27
23-01-2023,63.03,34.46,23.37,5.2,Bi-weekly,58.97,49.51
24-01-2023,63.57,37.17,20.63,5.77,Bi-weekly,57.18,44.48
25-01-2023,61.57,37.49,20.7,3.38,Bi-weekly,49.25,47.19
26-01-2023,63.03,37.89,19.85,5.3,Bi-weekly,53.89,48.64
27-01-2023,64.75,36.4,22.42,5.93,Bi-weekly,60.68,43.83
28-01-2023,57.97,31.21,22.18,4.58,Bi-weekly,50.54,46.27
29-01-2023,64.13,39.69,18.75,5.7,Bi-weekly,43.75,45.33
30-01-2023,56.67,31.5,17.36,7.81,Bi-weekly,54.53,49.34
31-01-2023,60.48,35.99,19.59,4.9,Bi-weekly,55.34,40.55
01-02-2023,56.75,32.97,18.39,5.39,Bi-weekly,56.35,45.26
02-02-2023,59.3,35.19,19.85,4.26,Bi-weekly,59.57,55.51
03-02-2023,64.12,36.51,22.43,5.18,Bi-weekly,59.6,52.55
04-02-2023,61.1,36.63,19.01,5.46,Bi-weekly,57.4,52.45
05-02-2023,62.07,37.07,19.81,5.19,Bi-weekly,62.19,46.06
06-02-2023,64.74,40.79,19.97,3.98,Bi-weekly,48.88,47.6
07-02-2023,64.15,37.45,21.5,5.21,Bi-weekly,58.94,51.46
08-02-2023,57.21,35.49,15.26,6.46,Bi-weekly,58.85,52.38
09-02-2023,63.18,39.25,18.49,5.45,Bi-weekly,50.12,35.79
10-02-2023,66.08,40.05,20.06,5.96,Bi-weekly,49.09,39.44
11-02-2023,59.66,32.93,21.97,4.76,Bi-weekly,52.24,53.14
12-02-2023,62.8,38.54,18.51,5.75,Bi-weekly,52.97,44.17
13-02-2023,59.91,38.97,15.66,5.28,Bi-weekly,59.76,41.34
14-02-2023,60.72,36.1,20.57,4.05,Bi-weekly,53,39.9
15-02-2023,64.53,41.24,17.97,5.32,Bi-weekly,52.17,42.62
16-02-2023,57.56,36.79,16.77,4.01,Bi-weekly,52.7,38.02
17-02-2023,59.89,37.73,17.8,4.37,Bi-weekly,61.58,55.79
18-02-2023,60.71,36.95,18.57,5.19,Bi-weekly,56.14,45.46
19-02-2023,60.55,37.63,17.62,5.3,Bi-weekly,55.16,45
20-02-2023,52.52,34.41,14.3,3.81,Bi-weekly,54.7,47.23
21-02-2023,59.93,33.48,20.39,6.05,Bi-weekly,62.45,50.93
22-02-2023,69.29,42.69,21.02,5.57,Bi-weekly,53.18,51.04
23-02-2023,59.42,35.47,19.65,4.3,Bi-weekly,62.52,51.26
24-02-2023,54.54,35.14,15.94,3.46,Bi-weekly,56.51,41.63
25-02-2023,54.29,31.75,17.68,4.86,Bi-weekly,54.63,43.81
26-02-2023,58.87,36.39,17.93,4.55,Bi-weekly,68.39,49.22
27-02-2023,58.54,34.44,18.99,5.11,Bi-weekly,50.58,43.06
28-02-2023,67.05,43.42,18.99,4.64,Bi-weekly,54.94,45.67
01-03-2023,60.64,41.62,16.03,2.99,Bi-weekly,49.9,46.8
02-03-2023,58.73,36.61,17.51,4.61,Bi-weekly,60.64,49.18
03-03-2023,68.32,45.52,18.11,4.69,Bi-weekly,65.28,36.54
04-03-2023,67.36,41.79,19.95,5.63,Bi-weekly,65.09,49.56
05-03-2023,60.53,37.95,18.28,4.3,Bi-weekly,62.17,44.32
06-03-2023,56.46,31.5,18.29,6.68,Bi-weekly,54.66,49.02
07-03-2023,65.74,45.94,16.71,3.09,Bi-weekly,54.75,48.9
08-03-2023,60.48,34.97,19.2,6.31,Bi-weekly,47.69,53.8
09-03-2023,56.08,34.27,17.03,4.78,Bi-weekly,65.79,51.88
10-03-2023,62.52,42.34,14.32,5.86,Bi-weekly,58.6,51.03
11-03-2023,70.41,46.66,18.67,5.08,Bi-weekly,54.58,52.82
12-03-2023,66.78,43.55,17.09,6.14,Bi-weekly,63.32,46.58
13-03-2023,60.4,41.15,14.64,4.61,Bi-weekly,51.18,44.55
14-03-2023,59.59,41.29,14.39,3.9,Bi-weekly,57.99,48.68
15-03-2023,64.31,42.12,15.77,6.42,Bi-weekly,55.57,48.39
16-03-2023,62.7,41.89,15.93,4.89,Bi-weekly,59.46,43.23
17-03-2023,60.94,40.5,15.22,5.22,Bi-weekly,55.78,46.59
18-03-2023,61.52,40.01,15.27,6.23,Bi-weekly,48.9,44.41
19-03-2023,61.4,39.55,17.88,3.97,Bi-weekly,56.52,41.09
20-03-2023,59.56,37.52,16.45,5.6,Bi-weekly,61.2,51.39
21-03-2023,57.89,38.97,14.51,4.41,Bi-weekly,55.64,44.63
22-03-2023,55.48,34.77,15.84,4.87,Bi-weekly,59.42,55
23-03-2023,56.38,39.58,11.73,5.07,Bi-weekly,50.41,35.39
24-03-2023,54.85,36.93,14.42,3.5,Bi-weekly,55.35,41.54
25-03-2023,57.91,36.61,17.07,4.22,Bi-weekly,52.67,45.29
26-03-2023,59.69,40.48,12.85,6.35,Bi-weekly,59.7,49.54
27-03-2023,61.45,44.14,11.43,5.89,Bi-weekly,56.3,45.43
28-03-2023,59.33,42.73,11.66,4.94,Bi-weekly,59.38,45.05
29-03-2023,51.14,35.27,10.63,5.24,Bi-weekly,60.55,37.55
30-03-2023,52.81,37.02,11.08,4.71,Bi-weekly,58.74,37.54
31-03-2023,60.94,42.82,11.76,6.36,Bi-weekly,57.46,45.14
01-04-2023,51.39,37.05,9.54,4.8,Bi-weekly,50.15,36.04
02-04-2023,56.79,39.33,12.24,5.23,Bi-weekly,55.67,41.01
03-04-2023,61.66,41.65,13.87,6.15,Bi-weekly,53.5,46.66
04-04-2023,51.41,37.08,10.11,4.22,Bi-weekly,53.42,38.12
05-04-2023,61.68,40.3,14.82,6.56,Bi-weekly,54.3,52.47
06-04-2023,52.11,35.96,12.68,3.47,Bi-weekly,50.31,49.92
07-04-2023,58.36,38.15,13.59,6.63,Bi-weekly,46.05,36.22
08-04-2023,55.61,40.89,10.09,4.63,Bi-weekly,52.22,38.36
09-04-2023,52.88,35.13,12.99,4.76,Bi-weekly,56.26,32.47
10-04-2023,53.3,41.21,8.99,3.11,Bi-weekly,48.59,38.78
11-04-2023,57.19,39.8,12.84,4.55,Bi-weekly,55.8,47.68
12-04-2023,56.75,41.49,11.3,3.96,Bi-weekly,65.18,41.32
13-04-2023,56.82,40.47,11.96,4.39,Bi-weekly,60.8,45.89
14-04-2023,57.12,43.85,8.41,4.86,Bi-weekly,63.93,34.91
15-04-2023,54.93,40.1,8.88,5.96,Bi-weekly,57.45,46.65
16-04-2023,55.38,38.39,11.78,5.21,Bi-weekly,61.38,40.76
17-04-2023,53.92,40,8.61,5.31,Bi-weekly,51.77,42.64
18-04-2023,56.48,41.22,11.36,3.9,Bi-weekly,52.43,42.94
19-04-2023,51.43,39.68,7.63,4.12,Bi-weekly,41.45,35.93
20-04-2023,58.4,39.61,12,6.8,Bi-weekly,61.77,37.83
21-04-2023,49.37,37.32,7.78,4.26,Weekly,62.64,47.17
22-04-2023,55.33,37.38,11.3,6.66,Bi-weekly,52.77,45.38
23-04-2023,51.26,35.1,11.4,4.76,Bi-weekly,53.86,48.67
24-04-2023,58.21,44.49,8.72,5,Bi-weekly,52.05,44.24
25-04-2023,52.75,35.44,11.24,6.07,Bi-weekly,57.19,44.09
26-04-2023,53.87,37.03,10.57,6.27,Bi-weekly,61.01,34.54
27-04-2023,50.72,36.88,8.95,4.89,Bi-weekly,46.36,41.33
28-04-2023,54.25,41.64,8,4.61,Bi-weekly,57.47,42.26
29-04-2023,49.02,38,6.08,4.94,Weekly,53.52,51.59
30-04-2023,58.58,42.54,10.7,5.34,Bi-weekly,56.43,46.64
01-05-2023,49.46,36.7,6.87,5.89,Weekly,57.24,49.74
02-05-2023,54.68,39.47,10.2,5,Bi-weekly,54.53,46.05
03-05-2023,51.16,36.04,9.5,5.62,Bi-weekly,54.6,39.29
04-05-2023,62.93,44.89,11.41,6.64,Bi-weekly,55.22,44.01
05-05-2023,49.65,34.8,9.47,5.38,Weekly,59.82,44.02
06-05-2023,53.96,39.19,9.45,5.31,Bi-weekly,57.49,38.14
07-05-2023,55.16,40.07,11.61,3.48,Bi-weekly,56.62,41.56
08-05-2023,52.54,39.31,10.86,2.37,Bi-weekly,48.9,42.23
09-05-2023,53.67,37.41,10.88,5.39,Bi-weekly,53.47,51.29
10-05-2023,53.61,37.47,11.24,4.91,Bi-weekly,59.85,32.97
11-05-2023,49.66,37.88,7.29,4.49,Weekly,55.15,48.22
12-05-2023,54.39,37.2,11.95,5.24,Bi-weekly,58.74,38.9
13-05-2023,57.09,40.42,11.73,4.94,Bi-weekly,64.54,36.66
14-05-2023,58.72,44.04,8.55,6.13,Bi-weekly,61.07,48.47
15-05-2023,50.89,35.62,10.18,5.09,Bi-weekly,55.55,46.71
16-05-2023,48,33.07,10.68,4.25,Weekly,52.25,49.48
17-05-2023,53.37,36.79,10.59,5.99,Bi-weekly,42.57,47.18
18-05-2023,61.08,44.67,11.62,4.78,Bi-weekly,55.27,53.79
19-05-2023,53.85,34.4,13.92,5.53,Bi-weekly,53.75,46.97
20-05-2023,59.45,41.6,13.33,4.52,Bi-weekly,57.9,43.22
21-05-2023,54.59,41.58,8.66,4.35,Bi-weekly,54.69,44.31
22-05-2023,52.49,34.76,12.65,5.08,Bi-weekly,53.65,50.01
23-05-2023,57.19,37.99,14.18,5.01,Bi-weekly,46.82,40.36
24-05-2023,58.95,41.04,12.43,5.48,Bi-weekly,51.19,40.47
25-05-2023,53.58,34.88,13.97,4.73,Bi-weekly,57.74,42.65
26-05-2023,54.38,35.27,15.95,3.16,Bi-weekly,64.02,34.26
27-05-2023,52.67,33.99,14.11,4.57,Bi-weekly,54.78,44.92
28-05-2023,51.05,32.55,12.7,5.79,Bi-weekly,56.74,34.38
29-05-2023,52.65,33.5,14.44,4.7,Bi-weekly,60.03,44.6
30-05-2023,49.18,31.64,12.79,4.75,Weekly,50.86,48.16
31-05-2023,53.95,35.26,12.7,5.99,Bi-weekly,57.23,41.43
01-06-2023,49.1,32.7,12.11,4.29,Weekly,51.21,52.02
02-06-2023,55.11,35.56,16.09,3.46,Bi-weekly,59.84,37.53
03-06-2023,46.37,30.04,11.49,4.84,Weekly,55.39,49.4
04-06-2023,56.42,35.55,16.35,4.52,Bi-weekly,57.13,48.28
05-06-2023,55.39,36.91,14.45,4.03,Bi-weekly,51.63,35.76
06-06-2023,43.92,28.27,10.82,4.82,Weekly,57.93,56.8
07-06-2023,55.23,35.22,14.53,5.49,Bi-weekly,65.95,44.04
08-06-2023,52.37,37.62,9.76,4.99,Bi-weekly,50.2,38.54
09-06-2023,50.84,30.15,15.38,5.31,Bi-weekly,53.38,37.58
10-06-2023,61.52,38.63,16.07,6.81,Bi-weekly,57.31,43.72
11-06-2023,52.66,34.71,13.29,4.66,Bi-weekly,59.2,43.35
12-06-2023,51.36,31.18,14.9,5.28,Bi-weekly,52.34,44.98
13-06-2023,56.19,32.96,18.73,4.49,Bi-weekly,41.45,44.13
14-06-2023,52.78,34.64,13.99,4.15,Bi-weekly,62.07,47.36
15-06-2023,50.5,33.03,13.06,4.42,Bi-weekly,58.85,41.98
16-06-2023,57.09,34.25,18.31,4.52,Bi-weekly,46.99,35.82
17-06-2023,54.52,29.71,19.45,5.36,Bi-weekly,52.41,45.09
18-06-2023,55.86,32.81,15.7,7.35,Bi-weekly,63.43,32.87
19-06-2023,50.07,27.89,17.89,4.28,Bi-weekly,62.25,47.14
20-06-2023,54.94,31.63,18.72,4.58,Bi-weekly,60.19,40.72
21-06-2023,48.75,29.09,14.72,4.94,Weekly,53.99,45.23
22-06-2023,50.22,29.42,15.41,5.4,Bi-weekly,55.44,51.19
23-06-2023,59.44,35.17,19.01,5.26,Bi-weekly,55.29,40.96
24-06-2023,60.93,34.56,20.08,6.28,Bi-weekly,61.73,51.33
25-06-2023,53.52,32.94,18,2.57,Bi-weekly,50.97,43.23
26-06-2023,45.56,27.67,15.27,2.61,Weekly,50.53,53.35
27-06-2023,55.49,29.82,21.17,4.5,Bi-weekly,60.6,44.52
28-06-2023,56.62,34.24,16.29,6.1,Bi-weekly,55.44,40.68
29-06-2023,51.12,30.86,16.83,3.43,Bi-weekly,62,48.49
30-06-2023,57.54,37.22,18.33,1.99,Bi-weekly,52.4,43.32
01-07-2023,57.74,31.27,20.9,5.57,Bi-weekly,55.5,42.06
02-07-2023,55.38,30.49,19.65,5.24,Bi-weekly,50.93,43.5
03-07-2023,51.63,28.81,18.91,3.91,Bi-weekly,55.2,45.45
04-07-2023,53.13,29.97,19.14,4.01,Bi-weekly,47.92,52.45
05-07-2023,51.4,28.94,18.43,4.03,Bi-weekly,52.7,35.86
06-07-2023,56.05,31.35,19.59,5.11,Bi-weekly,48.42,45.99
07-07-2023,49.84,31.92,13.54,4.37,Weekly,58.45,47.19
08-07-2023,50.14,26.53,18.12,5.49,Bi-weekly,58.6,46.4
09-07-2023,46.18,24.72,19.31,2.15,Weekly,45.97,52.34
10-07-2023,43.81,23.03,16.64,4.14,Weekly,61.05,44.62
11-07-2023,53.59,29.9,19.82,3.87,Bi-weekly,67.85,45.02
12-07-2023,48.37,24.89,18.74,4.74,Weekly,55.07,48.58
13-07-2023,48.79,21.57,22.75,4.46,Weekly,51.67,47.32
14-07-2023,57.3,29.03,22.48,5.8,Bi-weekly,69.85,44.79
15-07-2023,56.8,35.18,18.48,3.14,Bi-weekly,49.09,48.13
16-07-2023,51.75,27.51,19.19,5.05,Bi-weekly,55.28,42.5
17-07-2023,54.86,29.88,19.42,5.56,Bi-weekly,56.38,42.77
18-07-2023,53.03,27.44,18.73,6.86,Bi-weekly,62.03,42.98
19-07-2023,51.34,26.74,20.09,4.52,Bi-weekly,56.93,52.79
20-07-2023,53.19,29.63,18.24,5.32,Bi-weekly,52.83,29.37
21-07-2023,46.58,25.84,17.55,3.2,Weekly,49.9,47.24
22-07-2023,51.05,27.35,21.1,2.61,Bi-weekly,53.4,46.5
23-07-2023,54.34,27.35,21.15,5.84,Bi-weekly,50.4,37.94
24-07-2023,47.53,24.22,18.32,4.99,Weekly,54.99,47.04
25-07-2023,56.96,29.04,21.74,6.18,Bi-weekly,52.88,48.9
26-07-2023,47.72,25.38,18.71,3.63,Weekly,47.3,48.56
27-07-2023,49.5,23.48,20.49,5.52,Weekly,61.23,32.89
28-07-2023,55.71,27.2,21.64,6.87,Bi-weekly,53.08,53.32
29-07-2023,48.1,22.75,19.93,5.42,Weekly,48.47,42.29
30-07-2023,51.56,25.37,20.91,5.28,Bi-weekly,54.31,49.7
31-07-2023,49.07,25.11,18.95,5.01,Weekly,55.25,49.39
01-08-2023,51.25,28.25,19.58,3.43,Bi-weekly,46.39,41.49
02-08-2023,52.16,26.26,19.54,6.36,Bi-weekly,56.87,49.16
03-08-2023,47.44,24.62,18.43,4.39,Weekly,49.51,43.6
04-08-2023,52.04,27,19.54,5.5,Bi-weekly,63.76,35.5
05-08-2023,48.77,28.57,16.75,3.44,Weekly,57.5,50.86
06-08-2023,48.58,25.94,18.82,3.82,Weekly,52.86,41.77
07-08-2023,49.77,24.15,19.19,6.44,Weekly,51.25,41.48
08-08-2023,43.89,20.05,19.19,4.65,Weekly,53.86,43.74
09-08-2023,46.26,20.65,19.15,6.45,Weekly,57.69,47.11
10-08-2023,47.16,22.8,19.44,4.92,Weekly,54.59,45.55
11-08-2023,45.36,21.75,20.45,3.16,Weekly,53.45,48.88
12-08-2023,49.94,22.89,21.16,5.89,Weekly,55.29,39.65
13-08-2023,45.93,23.49,18.03,4.41,Weekly,51.57,41.7
14-08-2023,47.31,24.78,16.83,5.7,Weekly,53.02,44.47
15-08-2023,44.94,22.86,17.06,5.03,Weekly,44.07,54.61
16-08-2023,45.93,24.4,18.07,3.46,Weekly,59.46,44.85
17-08-2023,46.42,23.02,18.24,5.16,Weekly,56.14,50.9
18-08-2023,41.26,16.78,17.29,7.2,Weekly,50.26,45.38
19-08-2023,41.39,19.77,16.12,5.49,Weekly,63.63,42.42
20-08-2023,44.67,22.04,17.68,4.94,Weekly,54.9,44.07
21-08-2023,43.64,18.73,18.84,6.08,Weekly,49.18,44.81
22-08-2023,48.8,24.05,19.54,5.21,Weekly,59.16,48.88
23-08-2023,49.04,26.74,17.1,5.21,Weekly,56.89,52
24-08-2023,46.86,25.69,17.25,3.91,Weekly,56.66,46.97
25-08-2023,42.61,21.29,16.09,5.23,Weekly,52.13,50.76
26-08-2023,50.08,26.31,17.73,6.04,Bi-weekly,57.26,40.5
27-08-2023,42.3,22.18,15.95,4.16,Weekly,52.92,42.71
28-08-2023,45.7,20.63,18.65,6.42,Weekly,57.35,41.97
29-08-2023,38.39,19.71,13.78,4.91,Weekly,44.31,45.7
30-08-2023,41.13,20.55,16.47,4.11,Weekly,51.94,43.15
31-08-2023,43.84,20.2,17.64,6,Weekly,62.99,48.94
01-09-2023,43.75,21.79,17.24,4.71,Weekly,50.54,40.52
02-09-2023,49.54,21.68,22.1,5.76,Weekly,51.93,46.84
03-09-2023,43.08,21.13,17.24,4.71,Weekly,52.07,48.61
04-09-2023,41.66,22.35,14.37,4.94,Weekly,48.09,33.98
05-09-2023,46.05,24.54,16.02,5.49,Weekly,43.56,55.41
06-09-2023,41.52,23.74,12.49,5.29,Weekly,53,42.33
07-09-2023,35.08,16.37,15.71,3,Weekly,54.19,34.59
08-09-2023,31,13.1,14.03,3.88,Weekly,52.84,45
09-09-2023,46.78,23.5,17.35,5.93,Weekly,53.95,45.37
10-09-2023,35.65,16.53,14.25,4.87,Weekly,53.78,43.87
11-09-2023,39.32,19.9,14.94,4.48,Weekly,59.05,49.44
12-09-2023,34.38,17.01,13.73,3.64,Weekly,52.49,47.86
13-09-2023,37.28,15.06,18.3,3.92,Weekly,50.86,46.98
14-09-2023,39.02,22.04,14.01,2.98,Weekly,52.5,46.45
15-09-2023,45.68,22.64,18.14,4.9,Weekly,57.47,44.92
16-09-2023,38.93,18.59,15.93,4.4,Weekly,60.95,53.66
17-09-2023,31.63,12.51,15.1,4.03,Weekly,50.02,37.13
18-09-2023,38.23,18.6,14.7,4.93,Weekly,54.32,45.11
19-09-2023,41.32,21.38,14.58,5.36,Weekly,55.82,44.7
20-09-2023,32.59,15.73,9.77,7.09,Weekly,48.3,47
21-09-2023,37.08,20.69,12.9,3.49,Weekly,53.81,39.65
22-09-2023,41.21,20.07,14.98,6.16,Weekly,46.79,35.78
23-09-2023,40.83,21.83,13.03,5.97,Weekly,45.24,44.69
24-09-2023,34.8,20.43,10.16,4.22,Weekly,55.31,44.45
25-09-2023,35.04,17.13,12.7,5.2,Weekly,51.58,51.26
26-09-2023,44.23,23.62,16.06,4.54,Weekly,55.43,38.47
27-09-2023,39.72,19.55,14.99,5.19,Weekly,53.88,50.27
28-09-2023,38.66,19.93,12.23,6.51,Weekly,48.98,55.5
29-09-2023,36.92,17.2,14.11,5.61,Weekly,53.47,42.34
30-09-2023,35.51,18.67,11.33,5.51,Weekly,47.39,36.94
01-10-2023,30.43,17.35,8.51,4.57,Weekly,60,40.52
02-10-2023,32.94,19.48,9.94,3.52,Weekly,46.51,43.05
03-10-2023,44.71,25.14,14.78,4.79,Weekly,53.49,47.25
04-10-2023,33.09,15.9,10.98,6.21,Weekly,48.1,40.34
05-10-2023,29.58,15.19,10.92,3.47,Weekly,55.81,51.05
06-10-2023,39.08,24.45,10.68,3.94,Weekly,52.25,37.63
07-10-2023,39.53,19.43,14.98,5.13,Weekly,51.36,35.8
08-10-2023,36.4,18.07,14.31,4.02,Weekly,57.91,49.83
09-10-2023,42.82,23.22,15.39,4.21,Weekly,54.43,33.24
10-10-2023,33.42,18.31,10.54,4.58,Weekly,55.93,42.14
11-10-2023,40.62,25.63,11.35,3.63,Weekly,49.16,58.99
12-10-2023,33.88,22.22,7.64,4.03,Weekly,46.36,42.23
13-10-2023,38,18.76,13.54,5.7,Weekly,54.34,38.46
14-10-2023,38.59,26.73,8.17,3.69,Weekly,52.27,42.16
15-10-2023,32.75,18.48,10.87,3.4,Weekly,56.41,43.01
16-10-2023,35.11,22.57,8.17,4.37,Weekly,53.11,43.25
17-10-2023,36.14,21.29,9.12,5.73,Weekly,54.64,46.05
18-10-2023,37.72,24.34,8.57,4.8,Weekly,45.65,37.38
19-10-2023,38.69,25.17,8.98,4.54,Weekly,63.31,51.13
20-10-2023,34.75,20.64,9.07,5.04,Weekly,52.65,43.95
21-10-2023,30.61,18.34,9.01,3.25,Weekly,56.55,46.34
22-10-2023,39.28,22.04,11.74,5.49,Weekly,49.75,40.38
23-10-2023,31.91,18.69,7.84,5.38,Weekly,54.73,48.78
24-10-2023,41.89,26.83,10.47,4.59,Weekly,47.67,41.86
25-10-2023,39.72,21.27,12.45,6.01,Weekly,56.23,45.12
26-10-2023,32.68,19.83,8.98,3.87,Weekly,51.49,38.03
27-10-2023,36.25,21.56,8.56,6.13,Weekly,53.77,37.58
28-10-2023,31.74,17.04,9.54,5.15,Weekly,56.66,46.3
29-10-2023,35.28,18.24,12.37,4.66,Weekly,47.37,41.49
30-10-2023,40.24,24.84,10.42,4.98,Weekly,50.6,38.86
31-10-2023,33.23,19.35,8.99,4.89,Weekly,55.61,39.48
01-11-2023,35.54,18.27,11.04,6.22,Weekly,64.04,46.81
02-11-2023,34.94,23.11,7.9,3.92,Weekly,52.8,39.23
03-11-2023,40.9,25.15,11.51,4.24,Weekly,57.05,42.87
04-11-2023,40.89,23.85,11.01,6.04,Weekly,53.55,43.38
05-11-2023,38.81,24.77,9.63,4.4,Weekly,63.59,33.3
06-11-2023,34.14,19.61,8.62,5.9,Weekly,44.68,35.23
07-11-2023,33.01,17.72,8.59,6.7,Weekly,53.77,44.26
08-11-2023,42.69,26.59,11.5,4.6,Weekly,46.14,39.77
09-11-2023,39.87,21.23,12.96,5.68,Weekly,41.45,49.17
10-11-2023,34.71,21.55,9.31,3.85,Weekly,54.96,47.63
11-11-2023,43.74,26.4,11.59,5.75,Weekly,55.07,47.07
12-11-2023,35.98,24.2,6.59,5.2,Weekly,52.17,51.07
13-11-2023,39.17,24.01,9.69,5.47,Weekly,53.39,42.49
14-11-2023,44.51,29.26,10.89,4.35,Weekly,69.94,46.51
15-11-2023,33.53,20.95,9.24,3.34,Weekly,52.06,39.85
16-11-2023,40.59,25.79,9.3,5.5,Weekly,56.61,55.05
17-11-2023,36.19,23.3,9.95,2.94,Weekly,50.37,52.9
18-11-2023,40.73,24.06,11.99,4.68,Weekly,55.55,43.66
19-11-2023,45.06,27.97,11.15,5.94,Weekly,53.32,45.28
20-11-2023,37.41,25.04,7.18,5.19,Weekly,51.69,48.95
21-11-2023,39.75,25.26,7.54,6.95,Weekly,63.07,41.53
22-11-2023,43.73,27,10.71,6.03,Weekly,60.26,39.93
23-11-2023,40.14,22.82,12.98,4.35,Weekly,54.7,48.26
24-11-2023,33.27,21.54,6.71,5.03,Weekly,41.81,42.4
25-11-2023,37.36,21.06,11.35,4.95,Weekly,51.93,44.32
26-11-2023,33.3,18.43,11.45,3.42,Weekly,66.85,39.26
27-11-2023,50.13,30.64,15.43,4.06,Bi-weekly,53.86,36.04
28-11-2023,37.79,21.31,12.04,4.44,Weekly,59.29,44.79
29-11-2023,40.8,24.1,13.73,2.96,Weekly,61.29,48.64
30-11-2023,42.54,24.08,13.41,5.05,Weekly,55.35,42.89
01-12-2023,39.76,25.98,9.03,4.75,Weekly,49.77,49.89
02-12-2023,45.98,27.66,14.99,3.33,Weekly,42.42,40.98
03-12-2023,47.4,27.95,14.05,5.4,Weekly,58.16,38.94
04-12-2023,44.29,23.77,14.81,5.72,Weekly,50.36,44.11
05-12-2023,52.21,25.17,21.81,5.23,Bi-weekly,56.1,46.13
06-12-2023,41.32,26.68,9.96,4.68,Weekly,47.88,46.84
07-12-2023,48.58,25.24,17.75,5.59,Weekly,53.53,41.45
08-12-2023,50.55,30.97,13.9,5.68,Bi-weekly,55.22,51.01
09-12-2023,48.31,27.78,15.23,5.31,Weekly,56.17,54.4
10-12-2023,47.58,28.67,14.73,4.18,Weekly,49.18,44.22
11-12-2023,48.04,28.61,14.15,5.28,Weekly,60.79,50.49
12-12-2023,50.54,30.31,14.03,6.2,Bi-weekly,52.07,38.93
13-12-2023,47.91,27.49,16.01,4.4,Weekly,46.42,50.18
14-12-2023,42.81,23.22,12.49,7.1,Weekly,53.74,48.98
15-12-2023,50.15,28.48,17.2,4.47,Bi-weekly,55.19,49.48
16-12-2023,45.56,25.49,15.04,5.03,Weekly,55.36,44.43
17-12-2023,44.13,26.03,13.78,4.33,Weekly,61.22,29.36
18-12-2023,50.07,29.54,15.31,5.22,Bi-weekly,53.83,41.38
19-12-2023,53.81,31.66,18.89,3.26,Bi-weekly,54.78,42.54
20-12-2023,48.11,28.18,15.47,4.45,Weekly,49.3,39.75
21-12-2023,50.55,29.21,17.43,3.91,Bi-weekly,59.16,45.84
22-12-2023,54.11,33.56,15.41,5.14,Bi-weekly,56.33,42.53
23-12-2023,53.89,29.35,18.55,5.99,Bi-weekly,53.29,41.44
24-12-2023,60.81,36.6,18.56,5.65,Bi-weekly,46.56,40.27
25-12-2023,54.34,30.67,21.04,2.63,Bi-weekly,62.66,42.74
26-12-2023,48.05,23.86,17.15,7.04,Weekly,48.67,50.75
27-12-2023,55.85,31.57,18.99,5.3,Bi-weekly,52.63,42.39
28-12-2023,52.84,30.63,17.99,4.22,Bi-weekly,57.08,42.82
29-12-2023,59.21,33.53,20.53,5.16,Bi-weekly,49.94,43.88
30-12-2023,53.66,31.85,16.64,5.18,Bi-weekly,47.9,46.69
31-12-2023,53.62,29.58,19.7,4.33,Bi-weekly,44.74,48.19
